Response,Label
ggg,1
hgghghghghghghhg,1
ufdhgjndfnvbhfdjvnjkmfgbdfg,1
dbdbdbd,1
dfgdfgd,1
gafsdhs fsdhgdf,1
gfffcccd,1
2t gtq64qyh5t2312 rty 6 4ht4gw hjw4wtg,1
knlihbkuvjgch,1
ddddddddddddddddddddddd,1
hfy ky,1
sfgh,1
assa,1
awdadw,1
fe er ger ger gre ger ger,1
gg,1
asfg,1
ndjty yuke6u7yk rtrwtj kmt hjw yjwetyjwety,1
fsdfsdfs dfsdfsdfs,1
Ghfghhhhhj,1
tdsdfghjoiuytrdfgh,1
Gghjkkknnbvvcccv,1
t,1
tjdytdf,1
dwe few fer ger ger ger ger erg,1
gddbfnlnhfwdjxsyljryhfrtihtethgd,1
fgfhjk'll/k;lk;,1
DFGHJWERTERTHGJGGHHGFDGH,1
5yyrfiijggb nvcyhgtpjhv,1
no hbn e  non3,1
asadadas,1
zhzjiskwbxhdnfund cisnbcc,1
hgjhghffhfgf,1
fghj,1
qwdqqdwwqwdqwdqwqdwqdwwqdwqd,1
sgddfgfdg,1
dfhghhj,1
nnnnnnnnnnnnnn,1
sdbfdgn,1
hytre,1
vggg,1
Shsjdjsjdjdbd,1
kjgjgkj,1
refgregregr r reg,1
vgyujhbn,1
cccccccccccccccc,1
ojbiuk b;o,1
Cc c c cc,1
sdfsdfsdf,1
sfadsad,1
nsnshshss,1
vhjjnjgfcbj,1
qwewqeqw asdassa ewqeqw asdas,1
bjvtyre,1
vdvcvxcx,1
????????,1
dfgetertertre,1
147852,1
kjhkjh,1
yessss,1
sgeyj,1
gcgchcv,1
klasndlkabsdlibalsda,1
?????,1
46yu4u4wu45u656u,1
jkl;kl;kl;kl;klk;lklkl;kl,1
r. rr r,1
gfdg hgdfghdfhj dg,1
eaeagegegeg,1
dfsdfdfsdf,1
jhfhgf,1
nnnnnnnnnnnnnnnnn,1
jsdgfuadsfkhfs,1
fsdf,1
rfyguhjhyuj gyfghb,1
gfhgfhgf,1
ererqewrrwe,1
kuyuyuky,1
vmjfduchb,1
Fhhck,1
lifcbui,1
hgfhgfhgfhgfh,1
hfhfghfghfgh,1
gdfjfgfghg,1
xxxxx,1
ni,1
"nvcjgtflufdhtf,j",1
���.�..,1
gfhvmfghmdhg,1
nlklh,1
vghjnrsh,1
mhgcdjhdf,1
rg,1
Ywaaa,1
ckjyrdhg cv b,1
bgj ryjsrtj trjtr jitr ijutr jistyk yktf,1
dfsdgf ihkhk,1
yeryeyhfd,1
ddddddddddddddddddddd,1
gdfgfdgfdgfdgdgd,1
lkjlkjlkj,1
uuuuuuuuuuuuuuuuuuuuuuuuuu,1
uiyui,1
dd,1
34r5ty67u8i9o,1
dwadwadwafwwafadawdwa,1
kuykuyk,1
ftu67b8,1
ufiidykdykdydyudykydky,1
Sksjsjsjsjsjsjsjajajwkwkwksksjs,1
eiryiuehf dsiuhieuwrhf kjhdkjfh dsiufhewirouieowkfkjsdh bvmxcn vkhdsfkjds fewhuhrewuk,1
k bkjb kjb,1
zsuwwhssh,1
cghhgggg,1
jkhgkhkj,1
trdhujtd,1
ehhhhhhhhhhh,1
hehhd,1
rtwr3wt qtq3t3rwt wer tw tewtret ertwesfgsgsdgsegdfgdfggsfgsdfg,1
sagsfd,1
SDFDSF,1
lkhklhkl,1
h,1
jjj;kl;kl;kl;kl;kl;kl;kl,1
fghjk,1
dfuhv h,1
Jsnd djis. D xjxjd dnxid. Ixjx xnxiix d d xix xnidbd f cn,1
d<bxfbvxc,1
Ffg,1
gfhgfh fh,1
uikiukukouik uiokluiokloio,1
fgfhjj,1
gg,1
rhdfjh,1
rr,1
Hdjdjdkdkkdkdjdj,1
cuz,1
fsdfsdfsdfsda,1
nnnnnnnnnnnn,1
7ry,1
ewrwueoriuwe kldjflkdsj fsdoirueowiuroiew sldjflksdjfds loiruweoiruoe fdlkdsjflkds faoiueioqwulskjflska doiquwewoiqulkdsjlksajd asoieuqwoieasjdlkasjdlas,1
zdgzdf zdfg,1
sfjdajklsfdajklsfdjk,1
sdfasaffasdasdf,1
dhhebd fbjdnd didn�t ejdjhe diskette ebsjhdjd,1
fgdfgdf,1
grds,1
ytghbjnm,1
Tfghhghhhh bgyyy,1
gdsjfdykigh,1
ncowefc qeufbpef efcubwef ewufbwuep,1
f. vhvh h h hvh hi i there is no one in my,1
GTYDJUTY,1
vgbhnj m,1
ddthgg,1
kdhisejcsuvvsuvusgesu,1
bff cbdb,1
sstrstrstdygxhststjttystjtsst,1
rsehgrbs,1
Sjsjj,1
teerg d sulfur shy ft,1
hjghjhgj,1
dsfgdfg,1
c,1
hjmgkjgj,1
fdhjdh,1
34r3zwzwz,1
bxcbd,1
hjkj hjhkj jlhjk kkjhjkhkh,1
ggdfgdfgdfg,1
shhdfjdbcbdbcbdkwpzbq sjenxkabx,1
thyjkut ujikuly ujeiloritpi,1
uduguhd fg dfjghdlkfg jdfghd fdflgjkdfij djkfkdjfljd fgjldlkfgdfgkjd fgdflkg dfjgdkjlfl gdjkf g,1
fcdcd,1
hjjhjkkj,1
xhhdhdb dhdhdhd djeikejebd dine djeijed,1
sdfsdfs,1
uihiuhi,1
lakskdbhaiks. slackens aka aoah,1
asdasd,1
He d ejjeneke dv,1
regerg,1
ttertertg,1
d asd fasdf asd as,1
hchdhfufj,1
gfcuujc,1
mnkjjk,1
agvf,1
[pi'p[iip,1
ajshasihd,1
f,1
bkhkjjhljkjk,1
shsjjs snsjsjs,1
ghnvhnmjy,1
asgdsgsdgs,1
jhkkgkjhj hjkhkjjk kjhkj,1
x,1
kjhvbkjhv,1
dasd asd asd fdd as,1
Ggvvvvvv,1
jkjhkjh,1
fghdfhfghfgh,1
tyinw46nu ar5turtsjsfghk duylty siytk tykty,1
retertert,1
hdhghfghfgh,1
fhxx,1
jdkr jk neeke no i'm in km,1
dgdgsdfgsd,1
hkvo tig dsuf dsti ogig fufuf fgi,1
awdyhdfh dfhd,1
kjg kjghkgl,1
hkjhjkhkjhkjh,1
yt tyrtyrtrt,1
isk,1
elwrjuewoiur flkdsjrweijr fd;sfkmdsnf ewoirjiwejrlr fldslfkj;l ewrjewljewrlkrjlkfdslkjdsklfsd,1
y,1
kjlkjklj,1
dftgdf,1
Gdhsheijd. Bsjjdjdjd jsjdjdj,1
ikhk,1
hgxjdstjjststtts,1
fmn gfymnhjhy,1
htrs htrh erth,1
Hsoejyd,1
dfrgthyjukl,1
mmmmmmmmmmmmmmmmmmm,1
hdjxbfbcd x,1
znsnns,1
;lh cmvv,1
ertertert,1
wh5 dv he,1
hgvc,1
sassasasasasa,1
gbert b rghwrtgw,1
z,1
duydfhj  jhs dghs djfgldkfgd fgjd fgjksdfkjgl dsjg kdjfgldsfg,1
dfykiykityujdytujy,1
jugend bewegt,1
Cffff,1
hvg hb jh,1
asdf a fgdgs dgsd gsdf sr gsg st y try try et rter hchcfg hdfhth dftyrtyt .,1
hjgjkg jhg gj jgh,1
fzdghashyuserysreyeryswer,1
kugkyhkl,1
neeeeeeeeeeeeeeeeeee,1
fuhykyikutjtyujy,1
"45r6tyuiolm;,'  '.?",1
iuuihyk khuiygyui khiuhuihkj hiuhi,1
sdfsdfds,1
njdje,1
klsdm fklsmd fklsdm fklsdm klfsdm klfsdm fklm sdlkf sdlkfnsd jlknh sfj nsdjkfn sdjn fsdjkfn sdf jskf jksfn sjkdf sdfn sdkjfn sdjkf sfn sfsdjkf,1
kfdsujsrhssh aeysygq,1
ewtryryerye,1
ugdtdtjdjfyufutf,1
"bfgtjty dfrg k,",1
jj9mm,1
gfjdfndbd,1
fe�okfsefv f`piksfefk spoefksepofk se`fpksef,1
fghgf,1
nm fgr feb unuj t.f hthyj,1
Jffknfg,1
bnvbnvb,1
fiyg,1
fjcitcyixrucurticxrictixutctixtictuxiycticottivuoi vuovit,1
sfg fgbcvbncn vhdgh fgbcvncv fhgbcvgdfgh dfgh f hft hdgh dfgh dfh dfh dg ncv ncvbncgh dfg hcvnvbn gh db bvhjdfgh.,1
wer,1
789132,1
", b;kbhpiu hpiu g i h igpi gpgfpg",1
h76k 7i 8,1
jnjkdfn gjkdfgn dfkjgn dfjkn gdfjkn gkdfjn gkdfjn gdfjkn gkjdfn gkjdfn jkgn dfjkgn djkfn gkjdfn gkjdfn gjkdfn gkdfn gjkdfn gmjdfnkgjn dfjkgberhjfn erhj hjerb re,1
klasnlansdilansl,1
dawdwadwadwadwa,1
gxhxjststjstjgttssty,1
fasdf,1
dgdfhdfjdfhdfhdfhdfh safjudiufgsdg sdoikgjsdoigksdg,1
Hrsxbju,1
"mxc,vnkjrh",1
gfd,1
cjcuucj,1
drybb sr5ysrb,1
Tbfgrbujynujhu,1
vgfdtjie5,1
fcghtd,1
jvivg,1
dsaddsfasdf,1
gjjggj,1
fgskorjk opetwja iwe4a wea gr,1
ojk,1
rtgh,1
gaert hagerg gaerfb,1
ehsdkjx,1
dffqwf,1
fsdfsdfsd,1
Fffggbhh,1
uyjfuyjutfjfyujfujdf,1
sdhhsahkkhjjhkjhkjhkjhk,1
ghjkyhjhkjh,1
d,1
asfqw,1
Dfuoyuoihg,1
fjghfjkgdfgdfgdfg,1
fubb  fio fo of vfo foa fo fo avfo vodf fo duk vjcbxv cihx viodqifaci voaifdv cov afodi vfdgov oa vi avi bida cov ai vchivoaci,1
f,1
ggggg hhhh hh,1
hghghghghjhjgjhjjbh,1
tyfgjhfg,1
sadlghr,1
cdscd dsva,1
jgvjhm,1
shja uaua,1
sdefrt56yh7ujihuygtrfedrftghjuk,1
hgjhj kjhkhjkhk jkhkjhjh jkhkj kjhkjhkj kjhkjhj kjhjkhj khkj jkhjkhkj kjhjhk jhjhkj jkhjkhkj kjhjhjkhj jkhkjhkj kjhjk kjhjk kj,1
Yyyyyyyy,1
jkhkjkk hjhjk,1
gggggggggggg,1
nhf7d6rs5a5,1
bfdjgfgfn,1
a,1
faew rht4e ju46j46j w4,1
DCSFDHBGFJHG,1
xcs dfdasfzdsfasad fadfas adfd,1
Yjc Ashby,1
sdfgfdghffrd,1
u56uw5u6uw56u,1
kk,1
nnnnnnnnnn,1
ldmsl lsklsk slklsk lskosk,1
drtgrt grdrdtdrthd,1
......................................................................................,1
ddddddddddd,1
kjlkj,1
dtfyjgkdtg,1
dfdfwefwedf,1
jytyjtsytjsjyt,1
Tbtbtbnjjj,1
hglk,1
gsd,1
xfhxfghx,1
hdghgh f fdhdfh df,1
hjklhkjl,1
ghgh gfh ghghg hgh,1
jfghdf szfghcfj gjhgfh dfhgdhgf,1
nnnnnnnnnnnnn,1
awdadwd,1
cghdsdsuttstjstjjststjy,1
qwerstfhukl,1
khyklhylkh,1
hjk,1
vhnxfghxfg,1
dfgds fds gfdgdf gdfg fd gdf gfdgfdg fdgfdgdf gdf gdf gfdgfdgfdgdfgfdgfdgf,1
i,1
ncncvnzcc,1
zvxcvzxcvxc xczvxzvxcvcxvzxcv xczvxcvxczv xczvzxcvcxz vxczvxc v,1
ffvd,1
jfhcpa,1
gdfgbhvvghgfd ftuih fh6,1
Hhffhujbczdgbb,1
vfvfv sfdrgvrffdgvbdfgvbdf,1
dryt ry,1
reegfd dfgfdg sdfsafrefyh thjhgjhgjh,1
gfhdfgdfhfghdf,1
ksdfjh sfjksdhfkjshdf sdfjkhsdfkj skdjfshd kfjshf kjsdfh,1
jbhnkj jhk,1
dskfslkjf slk flsk flskdj flsjkflksd jlkj f,1
zxczxc zxczx zxczx czxc,1
fdg,1
rfdf,1
xxxxxxxxxxxxxx,1
HTRHDDJHY,1
x xgsgsgxvxg,1
Gxayvcgkyskyykykykymysymhsymymsymsysysymsymsymsymsymsymsyksymsymsymaymaymymsgmsntatnatmatnsgmdxykdjtcjdtmdjxtjdy,1
etttett,1
zeryse45y7w47bhy457,1
jhlh iuy iyo yoiu,1
kdjlfa,1
htf htfh fth fth,1
b,1
fuygfiuhij,1
lkj,1
cjkl,1
retretert,1
je;uke[lukew,1
fxghfghfghfgh,1
jkdoo,1
jjkl;kl;klkl;kl;kl;klkl;;kl,1
asadasd,1
v,1
y iw56u46u5r6ytuiy jdghkj dtyksyk,1
sh dhshsh djdjshe ehdhge hdhd dhhdndndnhddbdhd fndjsjs,1
vnhcc,1
trjr rt ryutuuy r sety,1
ddsaf,1
retert ewrwerwer werewruhuehw werjhweuew,1
jrsrsjsjrjyjryjrjsjrsjyrrsjryjryjjyjyrsrjjyrsjyjyrjyrjyr,1
ehhhhhhhhhhh,1
esrtdyfughij,1
Fjyffjy,1
askdfjksdafjksda asjklfjklsfdajklasitu,1
hhjhjh,1
ghsfh sfjj sfyhjsrtyu rdthrth rtuwrtu dfhdfh suwru asrtqeryt rtuwrtu rtuwr6u e57867i ftgujhrtyu tywquy,1
gkhjikh,1
fgyhujikijuhgf,1
adrfe,1
addadas,1
gdfgdfgdg,1
fhfghfghfg,1
jhgjhg iyujhggjhg iujhghjgjhg iuyjhghjgjhg iouyjhgjhgjh,1
bjkfjn,1
5y4rwertrtwer tewrtwert wertwter tettertetettewrtwetewrtertetetet,1
fty urdy serty udt,1
kgtbd,1
uhdjdj djdisid f dnjd,1
Is;hgfjvlzdfhgfkmjhc,1
jgbhdchyg uygjut yu,1
asdf sdaf asdf asd,1
Didididiusnshduud,1
aswedrftgyh,1
Sksksjsjsjdjjd,1
sgdsdg,1
gbffgjgjfjgf,1
ksdfjh sfjksdhfkjshdf sdfjkhsdfkj skdjfshd kfjshf kjsdfhksdfjh sfjksdhfkjshdf sdfjkhsdfkj skdjfshd kfjshf kjsdfh,1
4fgjfhjfhjfhjfjhf,1
xcxczxc,1
gfnd htdgfvcx,1
GNJFNJFT,1
vnajrh asjkgh,1
kmlnjkhbjn,1
kooko okkoko,1
Zzz,1
fg,1
gfhgfhgfh,1
b hfsk bgulhgr ;agdsggrea; hgre gtade treignt,1
jo sidfv ieqf avofi,1
dslajutu,1
Notjfi a dkmnshbrbxjrinxkakrxn,1
ycfygy vyyvvyvyv vctxrxtct vhvuvubuvhcgcgch,1
fgjdfghsfh,1
ryihdjfkmc,1
hhffdfdcf,1
utyeryerrwtwt,1
fgj fgj fgj,1
xx,1
hshjsjsjjw,1
DAWDAD,1
kdjdxm,1
chgfiygjhghff vb,1
llllllllllllllllllllllllllllllllllllll,1
xvbfg  rtyryujt thjyetjtyjeyr,1
Jvkvgj,1
huutfvj,1
jfhdhfhfh,1
jhlkjhblkjn,1
hghjghj jhgjghj hjhgjghjghj jhghjghj jhgjhghj jhgghjghj jhghghj jhgjgh jhkh kjhkjh jghjghj jhghjghj hghggfg jhghjjkh jhgjghj jhgjhg jhghj jh,1
FDDHB JHNY JHJKM,1
fgfdgdfgdfg,1
M,1
oo,1
fdsfdasdfasdfadsfsfdf,1
fsfgns sgwghs,1
grid gdhdbd a hdhud fur hfhf urgid hkdbd . fnfkt jg fun f fjfbf jf g. thfjd dmdnd dm bbfmmfnf nvmfjfn fm. ifnfmfnfnvj jf vnnvbf.,1
fuvu hfuf j ufugjbugufh hvydgh,1
fasdfgag,1
hgghhfghfhfhgfghfhf,1
bjhgyu 97ig g7g g8higighpiu ihgig iygp,1
kjnhkhnk.jnki,1
"iijrjd lorem ipsum dolor sit amet, consectetur adipisicing elit, sed do eiusmod tempor incididunt ut labore et dolore magna aliqua.",1
ieuryiuewfkhsd fweyiurhyuiehfkjds hfiuewhiufheukhfksdifjwio jiowhfkjsdhfkj dsfdhfkdsfkj,1
grhtytjuy6t5tegryyt5,1
sdg ssgfsfdg sgfs fgsdf,1
e,1
dadasdasadasdadasdas,1
dsfdsfsd,1
jssjjjjjjsjrsjjyjsrysryyyjjyrsjyrjysjyjyjsjsjyjyjyjjyjyjysryy,1
dfgfgfgf,1
asdasdasdsadas,1
dfghjuhgf,1
2324567y8uiop;',1
jjjj,1
Ruttryydypd,1
ghgtygyuuguhuu,1
fmfhthkfkhkhg,1
fun hvydjydmh. gfy n n yfhfu,1
l;kjn,1
dtghjdghn,1
ll,1
mxvc kjsdvn sjanvjansvjnaskcvnasnvkansfvknasdkvnadokfsnvoadks,1
ghrdtertrf,1
Fhh,1
fe gf erger ger gre ger gert,1
hjkhkhjkhkhjkhkhjk,1
iyiyiuyiu kjhk iuyiuyiuyui gtuy uiuhjkhk kjjhkhkjhkj uygyugoi uojk oijuoijk,1
fgtjghj,1
asfdsdaf sdsdasd sdfsdfd,1
Vv vvvvg,1
fgbfbgf,1
Ncjsjs udjsj jdjsjbjfieie jfiei,1
tr,1
fgfgfg,1
xfbgnhh,1
xxxxxxxxxxxxxx,1
Fbfvfvv,1
Byubfffgggytuuyyyyuytyuuyyyyyttyyyyyyyyyujjjjhyujhyu,1
ewtewt,1
Fvdhbffdgkhfc v,1
hfnfnfgb,1
sdoirewouir elfskjslk dfalijruiowldksjflaksd aiwejiwje jjk iasjdlkasjdlkas oiwqewql dslakjdlas oiqweoiwjd slahfdkjsfhkajd lakjdsalk eoiwqueoiwq lksdj lajsdliowqueo,1
FVDGTHTHGY,1
awdadw,1
o;higufyt,1
fdgdfgdfg df,1
fsdfafsdfsdf,1
sdasd,1
f,1
saasdsadsa,1
sdfsdfsdfsdf,1
XDDD,1
Xbdbdbd sjsjsjd sjsksjd f djsidbd snjsksnsbs,1
bcvnvcxncvncvvncvncvncvncvncvncvncvncvncvn,1
"ci,kgk,ihiog..",1
Fffffdfff,1
zblshpxnslhpx,1
gifjfjfjfurg,1
setsetsets,1
wertyuiop[,1
Z. D cc,1
Good g,1
ewrewr,1
reryryeryereye,1
fmvklmdfsklv,1
DRET 4E5TW4RT ERT,1
ihfwhfb jbcjdjv haksbcaksbc kabckxnz c kbcbbc.  hcgsha c,1
fy kety skrt kisryis,1
ghfh,1
cvbnfghfgjfg,1
mnhgxrvj,1
dfbgfgb,1
Vbjkkkkk,1
bcxbxbxbzx,1
khkljhlk,1
fuyu,1
ghdfhg fhg fhg,1
gfgdfg,1
5675464rfffger,1
tj jukujet hwthwj jkety nyt,1
estestsset,1
hmm,1
it(cdjjcdh,1
hpuioyuvhboih,1
ertyu rtyu rtyu rtyui,1
gdj,1
fhfghgfhfh,1
aaaaaaaass,1
dsgsd,1
gfdhgjfghdhs,1
jdfhj,1
colors,1
Djdjdjd djdjdudhb,1
hjghjghj jgkjhkj kjhkjh ghgj jhghjghj jkhkj jhgjkgh kjhhkj jihio kjhihiu uigygyun,1
fsgfgsgsdfgsdfgssg,1
Eddft. Tfghgtt. Ddtgg. Tgg,1
the hfhf a have hvr. uf d hfhf fuga.hf f hf fjfbf hfhf h.hf f jf fjfuhfbf fight fihf.hifgf hfhf,1
chess asuppoer,1
4wsed5fr6tgy7ko,1
sddsad,1
fasdf,1
dfbgth rhgfj hfnghjnj,1
htrjdufy,1
sifuhefihmcgeprighruighrf,1
tt,1
g,1
kjuhyfvguilo jo;ikl jnmiol hnoil uhjyiukj hyuivf gyugfvguy gfvuyhgyhvb,1
Kgcuvcffggcdffgffddffffddggfddffffdrff,1
gfdc,1
dsg,1
rtyrtyrt rtrt rt rt,1
ddasdadadas,1
asfadasd,1
fge rgre ger ert ghert h hrthrt,1
Ghhhhh,1
DFGDGF,1
iuyhtgrfd,1
hyfds,1
fghs f afgjafadf afjaf,1
Fgggggg hhhhhh huhhh hugg hvv hhuhh,1
oikuyjhtgrf3ed2ws1q,1
hg;hu;hyi,1
lfh,1
jkgjbh,1
njcvoa�w fqwufbqpef qfcubqpe,1
ghfgh,1
Fvvvvb,1
awrgsergweg ergrweg rwg werg erg wergwergergwergwergerggerwgwerg,1
4  5  6,1
fdfet,1
sgdfthtgdfgdf,1
Kckc up bjck k,1
dadawdwa,1
bfkfdhk,1
gfhfh gfhgfhfhfgh hgfhgfhfgh,1
JYTFDKUYKU,1
gtrgwe,1
gbsfdgsg,1
fjfjfdjdjdjbjfjf,1
okko,1
dsfadsfasd,1
hiugyvtcrxe,1
Gstshxb,1
jlkn,1
gcuyk,1
jhnfyjnj y ncmngmn,1
Xxxxxx,1
swtyestyd,1
SADKJGJ SFDAJKLSFDAJKL   SJKDAHGAH,1
z,1
dddddffff,1
hjghhk,1
like to agree,1
ghgfhfhfghfg,1
safsafsaf saf afsd asf asfsaf,1
jhfhghjgk,1
kooko okkokookko,1
sadjkohasjkdhaskjdhaskjadhs,1
2xxxxxxxxxxxxdddddddvycf r rcrcdcdc,1
rgretger regre g,1
a,1
tftft hvyvyvyvy yvyvububuuvu h hvhvhvvhvuvu hvh,1
gxhxfh,1
hghjfjg,1
htr shjtrj jyt,1
t yfgbguynjyiujku,1
sefsefsefsef�kj f�soekfs ef,1
fgfgfdgdfgfdg,1
asdfwwfqfcs,1
cxghdfgh dfghdf,1
Fgv Bjjb jjj be bhhdrdr,1
asdasf werwser erere.,1
asdasdasdasdasd,1
hgghngdrf,1
ljefhiueh fsdiuhsfiuekhfh sdhfhiuehfkjhsdkjfsheiuhfiuehkjf sdiuhfui,1
",m,m,m",1
gggggggggggggggggggggggggggggggggggggggg,1
cvbcv,1
ewrew riuewhfdsfkj wiueyhruewioiorewiufsdfkjdhs fwerewhkhj dsfiuyhewiuhjke hfkjhdfkjdnbcxvmxbnm,1
ktuktuy ghneytj kluimj hweht nmetyn hjmr,1
ieuye8yudfhfbz-ilfhe,1
j,1
cvb,1
sdasdasd,1
Djdjdj,1
yhtgrtyhgfe,1
Dhdhejdhfhdh,1
new,1
kljl,1
fgfhfdgdfgfdgdfgfdgd,1
u,1
eg,1
vgddjj,1
jsksnsbs,1
yfyhvgj gbjbhkm,1
x n,1
ug iyg iuguo iblil,1
Cujjj,1
Kfkcgk kfk kdkckdk f?ck j kfkcgk kfk k jkkkk kfkkj fkk kfk I kdkkk kxkdkck day kdkckdk kdkckdk kfk kfk kdkswpi irrickvkor neicdmlalxn eowpkf,1
etretretret,1
ddbv,1
Ghcfhbc,1
vvv,1
mdwjhsusussjs,1
fazxdfthbn,1
Hhhhhh,1
asdf,1
hbvghbv,1
Zdfzhzdfhdfghz ndfhthdj,1
gtrr,1
vygtuhgu gunikuiik,1
Ujjccindybfzrt,1
v  bcvn,1
mkmkmk,1
Ttgg,1
noneeeeeeeeeeeeeeeeeeeee,1
fdgbfd hzdh dzrhz,1
segvey,1
mm,1
good al,1
thanks,1
lkji,1
asd nashjd asb d has vdasgd v,1
hkhkhkhk,1
hj ko,1
asjd�aohspodiasd,1
x,1
sdfdf,1
dfgdfg,1
GFD DSYJ HDJ DTHD DHGJ,1
jkjkj,1
seran e4rte thyttytytys5rty4 ttr.,1
fhfhfdh hfhdfhd,1
Djflfoysyygigkdifphoshziyf,1
yeyey,1
jhgjhg,1
3,1
W43ET ERTE5RT,1
gfxgchbn;l,1
jyfg,1
bbfgbsgf sfgbsfg fgb,1
gffdgfdgfdgdfgd,1
efewf,1
ghgg,1
gyu ygggu yugyuyg ygugy guy gyugugu,1
uhigb yg8tf65d44,1
cgcjf6vjhguikj,1
hjmhmhmhj,1
l;kljnk,1
sfasgasgdgegvcb,1
ertrtertre,1
hgfhgf,1
Ueue,1
tjrytkutjrhtergwfegsku6mtdre fgsg46th35y5gt 2tgs23rf23 tgt q3,1
vbvn fghbjgnjgggggggggn,1
dvj,1
dfhbgh,1
vyccj iugh utvjycni. ugvhiyy utvnu.,1
i like google doc,1
kjhjughfygfgyhuijokkjhugyftdrftg,1
uifbaworgw geqryt,1
oikyujhtgrfedwsqa,1
hyrfyy,1
adasdasd,1
fghfhgjhhjghj,1
sdafdsg kjhkjhl,1
hrtsegrsfgrrduiloveheidysfatass,1
srgdfdxcfgbh,1
Fffffd,1
thftghxfg,1
Xxxxxxxx,1
jyj t.d c ddg mjjtbf,1
vxvdsffds,1
fgbdgfrgrfgrfgrfgr,1
fqwe,1
hsja jdja jcjd,1
bnmvcv,1
kjh,1
7gg,1
urdhhdfgh,1
n,1
vayifbvi aqfvqfvoifqvqo vqvoudv vdouvfq vfuv oq quo,1
"yes,,,,,,,,,,,,,,,,,,",1
ghhuhuh ygu ugygu g guhuj,1
yyjyrrsyrsrsjrsrRYJJYRJRYJYJRYRJRYJRJRYJRYJJJRY,1
k�gokrg�0q fb0iejr j0p�ireoji0gqer  sdvafpiovafdjp fkoijpiousadv vdsoijhpvds vsdjpoijpuvf vsdkvoippuads sdvoiupvds dvsjoikids vsdjoijvads vsdkjoijvsadf vsdkaoiup dsvijovsdnnvdsjjio vdsipojopijvds jvsdoijv sdjoiuhijovdsn  vdosijo,1
kiyujtb,1
Hkhgjk hkojh g im kll,1
mkjkj,1
gaergaerytea yaehtu rthj rthwst,1
htrs htr,1
dkdndx jdcjp,1
Teahdhdyd,1
nanan,1
mmmmmmmmmmmmm ,1
cc,1
hgiuhi,1
"ksaj fbkajsnf bsakjf a,mnbkfbkjs bnf,bsakljf b,asblfn sal,bfkjb sakfkasb m,fbkasjb fm,nasb f",1
dgdsf,1
ggjh,1
gehntny,1
"yrehvjsdkmc,",1
fdhdfhjdfjdfjdjdfjdfj,1
Hdhxbxbxjxkxk,1
Fcbfvv,1
fgftgfgfdf,1
hsksdnd,1
jgghjfghfjhjh,1
ikujyhtgrfedtyhuiol,1
fghjklk,1
Ujvdd,1
jhgfdsdfgh,1
gf hfghfg hfh,1
sdfsdfsdfsd,1
Jsjdjdjkdmxm,1
cddddd,1
dssadsd fsvsas,1
ZDsafdf,1
dedwadwadwad,1
k,1
xtcrytvuyi,1
n  awesome nob,1
fghjfdghjf,1
uytrtyuj,1
fgjmfgjmf,1
vhhhsdhnnj,1
qswdefrgtyhujik,1
rhfuhewkj ieuwyiufhdsf weiyhiuhsdf kdjshfkcbnvbxv sdkjjfjdks fiuwehiufherjf iuhwuihjewkriuewhu,1
Bbbbbbbbbbbbbbbbbbb,1
jhggfhfghfgj,1
dsdsds,1
dfgs gffgsfgsf,1
ddd,1
S,1
aaaaaaaaaaaaaaaaaaaaaaaaaaaaaaaaaaaaaaaaaaaaaaaaaaaaaaaaaaaaaaaaaaa,1
efwaefwefawefwe,1
nnnnnnnnn,1
fdjga;ku,1
gkxfyiuofyifoudtidtuccgjxycyjxtkctjxukvhxvkgcxhkvxytc,1
...,1
vffhhgghvgjvhjg,1
ngmergopi�porvm�r�l,1
"dx,zmvnh",1
Czhh b,1
bxbdjsk,1
ghfghfh,1
gyuui67iuyk,1
foj�0,1
htrs htr htr,1
gkygoyiugui,1
v,1
fgjb ligl;ihg yg lh g,1
jhgjk,1
fddsds dfbdd,1
nl;nblblv h c,1
Hjdodi dkcveod wod eodbe,1
Ndj djfjx xud djd djdjx dxfn xjjjjj x xjxnd x xjx x,1
zsfdgfgt gjuyk uu lo,1
"cxsadtdgbvfhygfngdkjhgmchjkf,",1
gg,1
uwyeydwuxjxjssllwslkdkdjl,1
Ffjg,1
koijh,1
xxxxx,1
kjkjhkh,1
"ubviuernhioern, ubriuneriuvneroi, uxbeiucnhurenvero, jxbdwbuifebvioe, vjbribwruejnviefnvi",1
Jshdhd,1
h,1
"fr57im,m.   58i9 4o.  4i 4 9 jkcftyo[ 7j w6u bio oioiko",1
jhgjkgk,1
78t87rt78r86t67t67r67r67r67,1
jcjcj,1
Xgdtx??????????juycggfyfftftftffffffffffffffcfdddfdddddddf I do,1
fbfgncfg,1
Until tg,1
fhhfcfhchfjchfjgc,1
T,1
H,1
v,1
vbfvdfvfv,1
j ji ni,1
derfgh,1
dfgsd ds sdf sdfsdfsd,1
dftgyhujhg,1
jhb hjb bmhjyv hjygv bhjvf hj,1
"nlknlk/j. mm ,m",1
Ggudtduexjdux,1
fffgvv,1
"gfvhj ilyg lyig i , ; uhlyg ;ohu ytf uk, hugyfc lih,h",1
vjcyjfutfjdctdikjfv j,1
hghg,1
6656yfyu,1
hh,1
sfgsdfgsfg,1
B,1
gtyh 6b54ujbrf,1
hgkijktyhfgnjfhgjht,1
hdfihiushd fiehyiufh sfhdsiehyfiues,1
g jyf n ff ygb,1
Dnxjaj,1
jm nhyrjmnryf,1
Vbhh,1
vtr,1
ehbdf,1
vggh b,1
Live with relatives,1
yes....hfygr,1
asdferyrydsaj,1
asasa,1
fasd,1
Aaaaaaaaaaaa,1
adwad,1
sdsdvd,1
hk kjhjh   bnbjknjk lj,1
jgjhgjhghjg,1
bcf,1
m,1
Love it,1
faw,1
Sveyg dhehe ebhhrzh rvrv3hsbr rb3hdn fbehh z hrb djdn,1
chxhcvh,1
iasipahsiabhsda,1
gzrgsx,1
Chhh,1
fvgbn,1
JSAKET,1
Xxyfyfgxyfxutcufuttufftufuftuftufutfuftufftufuttutftuftufutfutftufgyuguufufufufy yfy the fyfyfy yf,1
saf asf saf asfafd sag sdg s dg,1
dgsdgsd,1
sdgdrgsfsd,1
Vhf tight thy fed,1
schwarz bnfzhghn fgh dfgdfv fsdgvbdfg sfwef csfgdfb fghrzj fgtw dsfg dsgt ghhgkhjuk jhkiuzj fgh,1
.,1
kn,1
5.56E+54,1
Hssh,1
dfhfgh,1
".km m, m",1
hdhrt,1
sadgvroeaa;ob,1
bcgcgv,1
saddsa,1
dgrdghrd,1
jhjg,1
Dddddf,1
nice ohjllfmnnsm,1
vbcvcx ghfhgf yyutyu,1
Dhuvk,1
Fef gu 6th,1
yhikguiybhku iubhouibi u8yiujniu,1
yweesbtybytb,1
2w3e4r5t6y7hu8ji9kokijhuygt6f5rde4,1
Kkknfexbuv,1
planters,1
sklajbndlabsdlabsdjabsda,1
asdfghj,1
dfgdgdrt,1
treterte,1
insipdhbaoisda,1
jhgjhghj jhgjhgh jghghjgh jhghghj jhghghj hgghj jhghjgj jhgjhghj jhgjh jhgghjg jhgjhgjh jhgjghj jhgghj hjgghj jhgjghjg jhgjhghj jhgjhg jhgjghj hjgghj,1
lokijuhtgredftyuikol;plokijyrfderfyhuikol,1
sdgf,1
bhkgjlhk,1
hf yu fguy giu giyu guy,1
Dkskxjx,1
fasdfasdfa,1
hgjgj jhkjhk,1
cv bc,1
gvb gv,1
Jsjwjdmi2isjfjes,1
jvhhjfkkfhhcfmm vnvjjvkjv,1
",gfdcvbnkjuhygftcv bnjkihugyftbc vbnjkhugjybcfv bjngvc bn",1
ghdfgh dfhdfhfdgh,1
e fjh   fc hgbj brdfrtgbfh b gv rgfv thgbv gv rdc rgfbv,1
Hrhr,1
gfdskjg sdkgfksdjbf fgsd sdkjfs dbkghsd,1
y6i7b87  u7,1
gfdggh fhgfdghdf,1
fcghtd,1
Bkkb,1
asdasgasg,1
hgjghg,1
hkjhkjhjkhkj,1
zzzzzzzzzzz,1
fdfdjfdkfj,1
fkjglsjlgksdgsd,1
Dec be. B.  B b NJ,1
ytuyuygu,1
FVGHF YTJHYHJF UJK JK UJHK,1
rteerter,1
hgfhfhgdfbdfghdgf,1
sl,1
d67f8gy9u,1
yhtyd,1
luijhouh iuihiuh8,1
fdfd,1
Sekyeylsssyksykststststktltsysylstsysysyykymstkatatkatatatlaylaysylsylsysysylaylsstlatkatkatlatka,1
Hhjj,1
sdg,1
mmbnmb,1
kjbjvu,1
ertyuiojpk[l'  dfghjvkbkln;m,1
Cbxb,1
hgjkhklhlkhlhlk,1
XWEFRTYHJM,1
gsrts,1
"olhjikhik,uikuik",1
ahaua hahaua,1
gdfksdjb gdfsdgf fgds kgfsdjkbf dksgfjksd,1
dfgyhujio'[,1
gunn huh huh no,1
drfgyhyu dr rt injugbyg,1
ygvyg,1
k,1
zzxc,1
gfdx,1
mm,1
dh,1
eryery,1
rs68we56sd6,1
jskalalalala,1
hjnm,1
hofjdib Irish,1
fgsdgsdgsg,1
dytjsytstststjy,1
cvzxcv dfasdf erqewr,1
dfjhdfh,1
t,1
Aaaaaaaa,1
ekriyewiufkdhsjfd seuiryewiukfjhdskjf dmvbcmnbvmcx kjshdjkfdsfhjks,1
sdffsddfsadfsafsad,1
zxcvmidszx,1
////,1
ereafsdf,1
iatsydfsdddf,1
dsfds vertretr hgfh fdsdfsadasd rtyhtuytu,1
",,,m",1
cvbvcbvc rtytryrtytr,1
x,1
lquwwyyyssgs,1
Hghj hgkj hihhv,1
dsfdsfdsf,1
sjkdayryrtwyeafghhjh,1
mmmmmmmmmmm,1
Cffffd,1
erytgyrtg,1
st ser,1
jdfhjh,1
Fvfgtbtgh,1
bjhsjhfujgdfgdh,1
dwadwadwa,1
jnhn,1
nnnnnnnnnnnnnnnnnnn,1
khgkhkhkjhjhj,1
wsy esrfg,1
n,1
ojiugycfd,1
g,1
gjhgjg,1
Dndbbddbdb,1
bnnfncvncvmcvcvmcvvcmcvmvcmcvmcvmcvmcvmcvmcm,1
wwerwe rerwerwer wer werewr rwe rewrwerewrwer .,1
q84u46uq345u4u5w4u,1
dfghn,1
mssksksjsjjs,1
rdhrdhdr hdrhdrhdrh drhdrh,1
jgjg,1
fk e56y isur5tu srtyjskryui rstu jxfgbhjmktyjs rfgj xfgjk tj xrfgjs ryyfx,1
Erdcgf. Frexchy. Trhhvhd,1
bfgng,1
dsd,1
dfgkijhgfdfghjk,1
vhtyergtr,1
ff c g,1
H,1
fvc,1
N,1
cghcghnv,1
fjdjdkudjdi,1
resujgkug,1
sthdfjfdgb,1
HdbdhdhdbdbdjjsjskKksjjdjd,1
fgfgfgf,1
htr shtrhtr thr,1
ukry hjytiu67m 67y,1
Nnnnnj,1
zfxchvji,1
jhsurgfdhfkjdkh,1
vhhnbfdgj,1
dbgdgth fghfhgh,1
Chhh,1
ijk,1
eebsrgbabhrw,1
n,1
jiasbhdiasjbdiasbdias ashdgiasgdiasygd,1
fgdfgd,1
sgdhft,1
asdasd,1
bbbbbbbbbbbbb,1
x,1
giuh,1
bbgfg,1
.....................................................,1
asdkltgslrktuuWREUUUU,1
iugukjb,1
kjh,1
Hdhdhdjfjfj,1
6u 6u 356u5yn246yb,1
rgrgijergijerigjei igjeirgjergijer,1
tr,1
Nxdndbdb,1
Djsjz,1
asdfghjk,1
jhihe9hs�thjrthj,1
weuiriueiwfhdsfkjhdskj fiewuhiurwkfhdskfhweiuhfui dkjsjhdkjf sdfhuiwehriuhkjhdsjkfhjcbvncbxvmxbndkjsdhfjkshdf ieuwuhuhjsfd,1
trtetete etertejghj,1
Xxffffgftftdftffffhfhcgigjgccjcutdufxgiigxuxgixcufcugxxugxuguxgxfuuxguxggxuxigigddtuugdugditdgdiitxgugxdututdutxitxuxt,1
dj;lj;fj d;kfd;f hd;fh hf;lj; lhk f;lkh ;dkgh;f ghf;lkgfh ;glkf;glfd,1
Xxx,1
asdf,1
gqwe,1
rgawregw haer hea hrh,1
hjfghgf yuit hgfghfghf uyhgfghfh iuy jhghjjhg iyi jhjhghj,1
bbbbbbbbb,1
o,1
hfghfg fghfgh fghfghfgh,1
mmmmmmmmmmmmmmmmmm,1
ehfkygdasayhddhdgdsghs sye hdg,1
jfkgk,1
hsjsjs,1
dlkk 45kl klhkl u65,1
hf gfhgfh dgf dgf,1
�hdjkash�khjkzxhczxhasjkcbnzxzxmcmnbzxmn zbdghasbasbczxjh,1
nd he jdxeh,1
dnskjfnjdsnfjdsknfjdsnfdsjnfds,1
ghgk etystryxfgj fy jutrujxfgjryjry,1
petreerdxfgh,1
fwr,1
kljlkjl,1
drg hjrdy jr6tyj ry,1
nocpwne eiufbqwpfc qwuefncpqcf ub,1
hfgjhgfgh,1
Hrfnkskdke,1
gfb gb gbgb gbb gb bgbg gbsbgbg,1
sdadasdasdasdas,1
dvdvsd  sdvsdsdsd,1
dawdwadawdw,1
saytjvnnnnnk,1
rrRYJRRsyyrSYSYSYRSRSJJJRYS,1
cvbcdbcdfvb,1
dfgdgdfgdfgdfg,1
zsuwwhssh,1
Gif y,1
n,1
Yg,1
Ejs.dm,1
gdhedtfthdeedfsdfsdgsfasfasdasfas fas dasd agfasfafa as,1
bchjfdxhj,1
C waz sgb,1
tcg hdyfu jsrdtfy u,1
grgewgr,1
is very good because is good and very happy excellent,1
dfgh,1
Ejwjj,1
uytuyg,1
thtrhjjtjtjtrjyhtrht,1
Ic o.j cughxjchgiv,1
ffkdkkvvfkkdkvs,1
yes tfrjughjhil ghb tucu,1
Fgvbdrtghhj,1
werf gtf,1
...,1
sdfsdf,1
Bb,1
gdfgsdfgsdfgdf,1
weiyriuewf hsdiuhyiuewkjhf dskfhiuewhiure wkjfhdfiuwheiufh dhsfiuyhuihrewjk hruiwehiuf dhsfkjhdkjsf,1
htrs htr thr,1
WED DF SERGWSERFGZERXTFYGUHJK,1
asdfdsafdas sadfsad,1
ererevevbe,1
fsdfsadfsdfsdafsda,1
dfsdfsdfdffdfdfdfdsfdsfdfsdfdfsdfdsfdsfdsfsdfdsfdfsdfsdfsdfdfdsfsdfsdfsdf,1
xcv bnmnbvc,1
6i6i,1
rbgyuv6,1
fds,1
usuajdjwusu,1
fgfdg truytu dfgdfgdg,1
gesarty hse rth rsthsrht,1
uiutyutyurtu,1
Mzkxos,1
uuobn,1
fsdfwefwer errwer wer 23r re rw3r 3r 3rr2rwe rytdrfgdsf sfsdfwe fsdfwe,1
poguifyt,1
asd fsadf asdf asdf,1
trbrtr rtyrtyrty,1
fdrfhguy,1
"bmnb mbmn bjhjkjk b ,m,nbmnbm",1
yj wrtutr usrtj,1
jgs�dj�djhej�gh,1
gndhyudyyudydghsztyjststktj,1
fafsfdsfadfd,1
dsrfgtkl,1
Ikkkk,1
jhvnbv jhcvjhvcjyh,1
fedfgdef,1
ghjndyjhydfh,1
gdfgdfgdfg,1
vvbhv,1
dskafjfdasjldjuu,1
gggggbvv ggh,1
ggggggggggggggggggggggggggggggggggggg,1
anwerse4re t tererreeredrdxgdreb ert .,1
l;ojhl;oj;ljk,1
sdssdffsd,1
w,1
hjgkg g kgilg uilguilg uilguilgu ilguilgil uguilguil guil guil gi,1
pizza pizza pizza pizza pizza pizza,1
jj,1
qtrgrsgdrgsdfgsdfgsdfsdf,1
gfd,1
rtj,1
vv,1
asdsadsadsadasd,1
sdfdsdfsaasdfsdfasdf,1
grdnhjxrdhn jjkrhnsrjekhnsjk hnjksrnb zjkrbnjzsknjknrjnrjkhnzsjekhnzsjkhnzsjkhnrhjreheuhnesjknsekjhnsrjeknrsjkh,1
uhhhhhhh,1
Fffkkgrr htg gdtyujhgbn,1
lkjlkj,1
Djdj djdjdj,1
dgdgdfg,1
fgsdfhm,1
Hi hi,1
kooko okkoko,1
Jdjdbdbjd dj,1
gdfhjdhg,1
gdfdhdhdjdjfjfddfjdfjdjffdjfdjjfdfdjfddf,1
f,1
ADFDDFDF ADF FSDS F,1
Bbj,1
Aaaaaaaaaaa,1
l;kjknhb,1
opkropuktopyukoptyu,1
kfj gd gdf gdfg fd g dfg d f gd fg d gf dgd f,1
Tsys try gvgg fttttt,1
gfdytr,1
FBGFNN JMHGM,1
cxzzxccxzvsd,1
sdadhgf jhkjh,1
sdsd,1
nice ohjllfmnnsm,1
jdjkhhd  djdhjjdhg dhifhf,1
bshsjjs,1
asdklklasdasdnkldasnkllasdnknlkasdnlkadslasdlnkasdlnk,1
e t er e,1
vyocitdiycudzyfyxgixyrcgjxugctuxvtuxrivyixtivyixiubhkxfibuixtbhkcut b hkxugbhixfu jicugbivuf,1
a,1
ytjhyjyj,1
nvdvbfgbv,1
sfddsfsdfsdfsfs,1
nnnnnnnn,1
bbbbbbbbbbbbbbbb,1
ytr,1
ngjtfxdndc,1
rwrtrtertert,1
frtvygbhujbgyvfgybhuj,1
bcbxbhx,1
If guu,1
f er ger gert hgrt htrh,1
ikujyhtgredwlkijuhygtf,1
uuuuuuuuuuuuuuuuuuuuuuuu,1
ty,1
jkhredwsdfghjk,1
heheheehe ehehehe bebebe,1
dfgh fghdg hfgh cgncbfgh fg dhdgh cbnbn vnvhn cvg ncghcvnvbnvn gfh cnvbnb.,1
yyyyyyyyyyyyyyyyyyyyyyyyyyyyyyyyyyyy,1
hjtyjdtyjytjyjytdjyytjytjyt,1
fvgbh hbhbyh bhvgrcg,1
adsf,1
sdyhesyseytsreye,1
fer ger ger ger ger ger gre,1
sf,1
ggtyytgytgttgtygg,1
fdsghj,1
asdfewrtrewrgf,1
Dyvjdvjj,1
x,1
gjkl,1
gffhgt,1
fdsfsdfsd,1
sksksksk,1
NHMJGIUYCI HTMU,1
"HJKJHK UYKIGJL IKL,",1
vbcvnvvbvbvb,1
v,1
fsdfdf,1
rrgfdsdzyhaedytearsgtwrstgraegttresretrstresstearetears,1
tdtdtdddndndfhdnfdnfndfnfdndfdfndnfdnfnfgnfd,1
sfdgbvrthbth,1
gfd,1
ggsdhshjnme,1
Uvugvguv,1
uyjtgtyuihj,1
adfa fa dadsfa,1
dfcvgvbgh,1
zshwyyyyakzk,1
oiuytgrfedswftyhuikolpoiujytgrfd,1
Bbbbbbbbbbbbbb,1
t yrt y,1
ffkty,1
errwer,1
hgjhg,1
cwefqe,1
tyuyjyssjtststjtssthsttyj,1
hhgnnnnfnfn,1
Hhjkbcxdd,1
yuvighjbuh,1
ewf,1
hi h h k,1
asdkryhstayayyy,1
---------------------------------------------------------------------------------------------------------------------,1
aweeqe erjhegher  hjge wjhkjehjhew,1
vnxhnrtsduhyseruyeruru,1
erwerv rwerwe ewrwe rewrew ewrwerwr,1
",,,,,,,,,",1
gudjgjfjg,1
ytjytjty,1
fkldahdas;jkyy sfdajdsfasfdj  aszzhhzghzg,1
fjnnkv,1
Nakakw sisis sisis sisis sisos sksks sksks,1
o,1
SRYRRYJRSYRsrssyryyyyjrssyryjysysjryjryryyjrryjyjryrsryjyjysryjryjr,1
eggrrvvr,1
Fhjsgsg,1
-,1
uhuhuhunougy gygyg yu guguj,1
jhyfjhfv,1
gbjg bjg bgibjigbigj bgib bhjgi hbg,1
dfdfd,1
cjcuucj,1
bananananananana,1
rtrtrtretretterttrt,1
VCCXNBVNMVH,1
cccccccccccccccc,1
nsjsnfniabf susjnd has ubd,1
guygyiuh,1
ahgf,1
kerioeuwoifklsdjfklsjd askfjhdkjh saoiejurliejlkdsjflas daslijdaslkjfdksljjfhdsklfh silewjrljlweruoiewelkfjaslkjdalsjoiwuoeiwhrflewf,1
wefr3tf,1
Ghhjjkkllllll,1
sfsdfsd,1
7  8  9,1
"�lkn msld3nm2g654psdkj mglksdl gmnlksdngl ksndlgn ,sdmnglknsd l3k2g1",1
estestsset,1
tyjiftj,1
setgsets,1
sd,1
jljlkj,1
....,1
456789132,1
agsf,1
zxcahsaaksjdkajdjaksdj,1
hugyctxe,1
P,1
fgtrghregerg,1
mmmmmmmmmmmm,1
fgsd sdfg sdg sdg sdg sddg gsdfg sdfgsdfgsdfg sfdgdfg,1
dfdjd djkssdd sfsff sdsdfsdf sfsf sfsdfsdf,1
lol2,1
dyud,1
nbeihidfjbdlkbx-bjpohj,1
yihft,1
fdvnure riugeiou,1
hahig scool,1
hkjkgh,1
dfgnh ggcfhf,1
iydvaq voiqv fevuof qvfj vfeqouvfyv fqvfobvoiq f qvoif ivq,1
sdfsdfsdfs,1
abhja ji,1
ngfnfg,1
Shshsjsnx,1
ewerrwewart,1
H,1
dwadwadwadwadwadwad,1
Hjdjdhdjdjd,1
Yshftxhghx,1
gfchnb bnhgvbjhmn nhgjhmn,1
pokpoipoipoi,1
dsfa,1
ghdgfhgf,1
lquwwyyyssgs,1
mamame el pipe,1
Jdidbdhdjsb sshsjsb,1
hfghdhdfhfgh,1
jsjsjsjsjsh,1
hgmc,1
rtretert,1
Gg I,1
lfks lfkjs lfks lfkjs lfks flksdflks djflksdflksd flskd jflskdjf l skjdflj,1
dasdasdasdasdasdasdas,1
cfgdrgfth,1
meep meep meep meep meep meep meep meep meep meep meep meep,1
dfvijrierjgioerjig jierjgioergiojer,1
hhhjjjjjjjjjjjhjjjjjjh,1
jhytfdfghj,1
nnnnnnnnnnnnn,1
dsfsdfsdfs,1
fbgbgbgbgbgbg,1
rtr ujyehjtyfjytujytj rjytujytejry,1
dsfadsdasd,1
mdsfadajfhdo,1
Hhjj,1
nnnnnnnnnnnnnnnnn,1
aaaaaa,1
dddddddddddas jdhdhdhgjc,1
zfgnzfg sfgnsfgnsf,1
Zx,1
Bdhdrh,1
ksdfjh sfjksdhfkjshdf sdfjkhsdfkj skdjfshd kfjshf kjsdfhksdfjh sfjksdhfkjshdf sdfjkhsdfkj skdjfshd kfjshf kjsdfhksdfjh sfjksdhfkjshdf sdfjkhsdfkj skdjfshd kfjshf kjsdfhksdfjh sfjksdhfkjshdf sdfjkhsdfkj skdjfshd kfjshf kjsdfhksdfjh sfjksdhfkjshdf sdfjkhsdfkj skdjfshd kfjshf kjsdfh,1
YTJKUMUYH,1
asf sfd s,1
ahf aesd,1
ddfsfgbfgfdsd,1
efgwfwefwefawef,1
kkkhh,1
kjghkjghkj,1
jnkfvjkf,1
dghtjguhi ufyihj,1
t ety fgh gfjft  jfyuiktfj e tkjdsg ym rjdg fhfyj  hh dfuftyje,1
Jfjf,1
kjihuyg,1
Hxbcbdbebdbdbebe,1
hjjkkj hjhkjk hjhkhkj hjkhkjk,1
bzlzbdb,1
hjjhvjhbjhbhbjh,1
klerilewr dsklfjsdlkf sdlkejreiljwrle fldksjfkldsf lesjrejf;k dsfjdsjf dsfejlfjdslk slkdjfdlksjfoidsfjdlksf dslkfjdslkjf ldfjlsdkjfdsklf,1
sndgfmftum,1
ertrerewerwesd,1
fgjf,1
hkjhkj kjhjkhjk jkhjk kjhjkhj jhgghjghk kjhjkhkj jhjk kjhk j,1
uygb nhjb nmhjb nhk,1
ivfvhfhfbjcddkmk,1
eytrt5ytryryttryr,1
xcvxcvxcv,1
Shshshsbsbsbs,1
uj,1
thanks for your time and consideration,1
Xxx,1
",m,m",1
dwadwawarawdwa,1
g hhgkjhgjh hgjh gjhg kjhgkkj jh,1
cdvnmbmmvmnbv,1
gtredsa,1
nnn,1
cghjyfvgjh,1
fnfnfjff,1
ghjhgjhgjghjgh,1
cxnfgh xcfbxb,1
rdtyrdy,1
gxhxjxgfgthsstjstughstj,1
fgrthe thtyhtyhgn ujtyrt,1
"lsdkj gkandslg knds,.mngl knsd,mgnlksndlgmnldsk nmg,.mnsdlkn g,sdnlkng ,sdmngl�kn sd,mgnsdlkn lgmnsdlkg mn,.msdng�lkn sd,mgn",1
Gvxhbc,1
ehhhhhhhhhhh,1
n,1
gchkjvgh,1
fgfgfg,1
dfnmzdnmzd.es,1
gyh,1
kfsjvndflnvef,1
Sdd,1
b )-/ knob kvhbzxkvfkhagd. jhjenfjehfjnef sjfhhfhf hdhdhf hf f,1
uiyh kjufytdyt tiuyiu yhukjhjkhkjh iuyhiuyhkh iuhyiuh kh,1
df dafsd sfvsdf gsds dfgfsdgdsgs dfgsdfgsfgsdfg sfbxvbcvbcvxbf fgsgfbxcvbcvbcvbvb.,1
lfs lkfj sldkj fslk fslfk jlsk flskd jflskj flskj flkdj lfjs,1
asssssssssss,1
ftdrhb bfghfhf vgh,1
rtfkgljhk,1
dwe fwer fger ger ger ger erg,1
gfdvbbh,1
Bxbd,1
sdasdas,1
Thvvde,1
dgdfg,1
dwadwadwadwada,1
ggg tg hg,1
Jkjjyggb juu????,1
sedftgyhuj,1
sdghehueuyeuy,1
u,1
ghjkldghjkl,1
dfghjgvbvds,1
fger gre gwe ger gre regerg,1
weeeeeeeeeeeeeeeee,1
b,1
dsfgsdasdgsdbvdsaf,1
qwqw,1
dfgdf gdfgdfg dfg dfgd,1
Iugh,1
kjvgjudfhv bjv j,1
gvjhvhvkvkvkj,1
aa,1
yes dff dfgdf vd,1
jgjdhdhgg,1
NVVVVJHVHJ GJGJ GJ,1
hhhhhhhhhhhhhhhhhhhhhhhhhhhhhhhhhhhhhhhh,1
gfer6try,1
ucycfkfvyifvkvm,1
pj9087g6ftygvh,1
vxzd,1
fdgdg,1
adsfasdfsdafasd,1
tovrb poiop�tyjyio,1
t,1
dfgfd,1
fgghnnffcvnn,1
;kl';l'  ;l?>,1
gfhf,1
"��,k,hn",1
dfghgf,1
swhujkl,1
khgk,1
weeeeeeeeeee,1
q,1
thgf,1
gbhj,1
vnjauireammmm,1
jbgytc,1
waezsrdjtfykg.kbj,1
ccvbcv,1
knjjk,1
anana,1
jjjjjjjjjjjjjjjjjjjjjjjjjjj,1
"n,nm",1
ertert,1
ghfvcbv,1
kdhisejcsuvvsuvusgesu,1
ydyhshs,1
gdfgdfgd,1
qweqweqw asdasdsa qweqwewq,1
kkhgvkih,1
yrtytryrtytr,1
g,1
afsgdhfjg,1
vawet avwaet,1
hhffthg ggffv hitting fresh kind,1
hgfdsdfgh,1
good,1
q,1
uyruy,1
"ynwtow lorem ipsum dolor sit amet, consectetur adipisicing elit, sed do eiusmod tempor incididunt ut labore et dolore magna aliqua.",1
sdfsfadfadfsadfsad,1
wdwqwqdwqwqdwwqwqqdwwq,1
Zkzkzllszlzlzlzlslzlzlslxlxlzlzzlxlzldososlsoslsosldldllslslslslsldlslslslslsslsllsslslslsllssllsslslslls,1
bgfhjcg,1
trsusrt,1
dfgbhn,1
fjjgdhgfhdkfjkdsjf,1
ghfh rytytr ersder ere,1
grghrgbggrrgbrgbrgbrtrgbrgbrgbrgrgbrtbrgbrybrybrybrybtyhtyh,1
tretre betgdsfgfdg dfgdf rthytrytr,1
asdasdasd,1
///,1
euiwriwuroiqwujowq klsajdklasjds alrjwqieljqwdsklfjslkajdlsa lijelwqkjdlksa dlaskjflhaslkjdlka dliasjuewlqljlkajdlksajdklsajewjlqjwlkafd,1
p,1
ghv jhvhuv vhgiu,1
kycfgvhjbu,1
xcxc,1
Jsjsjdjdjdjd,1
dcsd,1
s3e4r5ty67u8i9jhuygtr,1
sadf asdf sdafsdaf,1
hb btraeghb hgd,1
/ljkhgf,1
sdfsdffsdfsd,1
iuobbbbbb,1
",.n,bmvb",1
gdhhvdf,1
qweqweqw asdasdas qweqweqw asdasda,1
"juuhugyff ftftufu fk u,",1
"j�hnjygjklmlijhkj�lkm, k jnljmlu8hj oiuj",1
cvzxcv dfadsf,1
gbdthdrt fhtfyhf ggjmhgjmgjmghjh,1
hchvjvhv jvkvk jvkvvvjvjvjvjvjvjvuvuvuvyfydydhch nvj k jvjchchfhfhvjvjovkcycckcycgcj cc gggh igciyctctuxyxgcjxjxgxkcgv,1
"a,cmsrioego",1
gchxhdxtjdsystyjjtsstjttsgghx,1
hioo,1
Djjejejfjfje,1
fdnhfyjn,1
vyocitdiycudzyfyxgixyrcgjxugctuxvtuxrivyixtivyixiubhkxfibuixtbhkcut b hkxugbhixfu jicugbivuf,1
ufsjb khgsdfkjsdb jdhgkjsdfhg jghrfhgvsdf,1
y8yoyyiypoi,1
kfjdjd er drhe,1
xxxx,1
dtrfyguij,1
2tfrghyuj[-;pplkohjuygtfrde,1
uytuytuytuyt hgjhgjhg nbvnbvnmb,1
hffhfgg,1
Kxkxxkkzoxkxoxoxkzkzoxoxoxxokzkxxkzkzkzkzkzkzkzkosozxo,1
gdfgdgdfg,1
gbvgnv,1
yjurtsyertrdfgfhnyjytujt,1
jiu,1
fdgbxhnjgnh,1
tgaae,1
sjejenhw. he su.,1
good good good good good good good good good good good good good good good good good good good good good good good good good,1
xfgdfgdfg,1
wedwaf,1
jhbgvgyv,1
hgdsstststhstjstystyjtsjystjstyj,1
er gergrergreg reg,1
mmm,1
fjkp,1
iuoiklhjhjjkjk,1
utyjjfhyurjtdfyjg,1
JHFKL Y8FV,1
dfgddfrgdf,1
y,1
UUUUUUUUUUUUUUUU,1
zzzzzzzzzzzz,1
nfxgh sdgsdfsdgfadsfdfgvsdf asf asf sa,1
ygig yiyii,1
Shhjugg,1
gxhxghhjststgxhhgxxghsgttstyjtsjstjsjty,1
adwad,1
utyuty tyutyu tyutyutyu,1
uiiutiouyitoi jhghjkgjkg vnbvnmv,1
dzsjkfnsn fsdkj,1
2,1
vhnnbvc,1
cnjjjgdtv nh,1
lklojhkibj,1
gdchychih 7gbuchhgfgyui uyyyghtfyi iyfj6dfgiut ufbjutg.,1
wrtg dhdghdgh dgh dgh dg gnvbn fghdth dfghgbgcghd th dgghgj.,1
kfngjked,1
sfgfd gfdgfdg fd gdfg dfgdf gfdg fd gfdgfdgfd gf gfd gfd gdf gfd gfdgfdgfdgdfgdfgfdg fdg fdgfdg fdg dfgdfg fdg fdg df,1
dgdgdgdg,1
Manager,1
Ushebsbdbdn,1
Bvffgbby,1
dsggdsdgsgds,1
fghfh dthdfh,1
ehhhhhhhhhhhhh,1
ghad yguwy ljwhdfvljh awjhdfljasvd wbaldj vasmhcj;a sjfvaljshvflnsfhje jgsdlkjv a,1
gfdgdsyd,1
lkjljlj,1
fghfh ghddd,1
ewftyguhigyft,1
xbdbdbd djdijdbe dirkoejdnd skelkdkd,1
usbahkd ha abha,1
Cffff,1
jyjryhthdfghjyjsrtyt,1
rtyyh6yrhn,1
gdfgggdggdgdfgdfgdfdfdfg,1
KJDAHT  ASDGJK''';,1
gdfgdggh,1
sdnavcvh faigurioj;svAL;;,1
yu ggy g yguyg uguyguygy guy gyu y,1
ffhfhfhgfhgfhgfgh,1
k dgdfgdfgjdfgjkld fgjdjfldjkf kjd fhkj fhkdhl; doifh;ldlfh o;idf d h;jd hkl;dmfh; d fhlkm fh,1
dslfjdsfj,1
87y87[i,1
Fuutggggv,1
gnf,1
fgh,1
zdfg sfg hdfghdfgh g ncvncg nvbn vnvnvbh fth dthdt hdfghcvbcvgb g bcvbvbcvgb xfxfg hfgh fh fh sfhsf hgn cvn cvhncvn cv ncv cv cvbn cvn cbncn cbn vbn vbn fghjghjfgj.,1
iuhyikyikyiuyiuyui,1
gghhff,1
HGGFJHGJHG,1
and hincha hjavfagd t gfbuf gdgdu dgdhshd hdgdmd jdbckbd,1
Hiovfyyhbfyij,1
dhjid,1
...........,1
sdgsdgsg,1
fsgfhg,1
DEB887.jlkj  lh lkjh lkh ljhk ljh lk k lkj lk,1
asdsd,1
sdtgfs frsfsdgfdg,1
nnnnnnnnnnn,1
dvdv ddv,1
iktujyhtrgrwfedeartjy5ke6jh 4tg3 4fer,1
kljhbn x,1
tyhsytstysstjysjysstyjjsty,1
sdfghgyuhij,1
chcchcv,1
vybgiuh vygiuhnkjhbvgfcfcgv,1
mommompmopkopmmokpmokmokmp,1
5yetyretwrt,1
sggrrrg,1
dhdgxhsh,1
nd he nxnx,1
kkkk,1
hdfghdfh,1
gh,1
Rebuff ffdrffrggg vgff. Egged cgfff vgds. BBC cfff cffff,1
bgfgh fgffhgh fhfh,1
kjhkjfhs diufhewiuhrkjeiuhihuihiuhuihiuhui uihiuiiuhreiwu rek,1
ggggggggggggggggg,1
nnnnnn,1
xsf,1
jghjhj yyrtyutiu gfghgfjh,1
"lekgn lwektnm lm.,edmntg�lkwem .g,msd�lm g.sd,m�glms d.,gm�sdlm gl.sndl� kmg.s,dnlgkms d.,gm�sdm g�lksdm .g,sdml�g",1
ojuhniuhkjiuh iuyhiuhji,1
sah a  ash,1
thgfyjdjyths,1
nbbbbbbbb ;./,1
fgddfgfdgdg,1
tti7,1
DESF TDHJHG DHNHG UJ HTUJKJHUFJ,1
etrtresedtytty dggfg,1
trshsr,1
setsetsets,1
uhgytfgiyt,1
fsfsdfsdfsdf,1
jhgfcv bnjhgycv njhgyfcv njhgycv,1
hgfgghfhgfhgfhgfhfhgfhfghhfhgfhfhfhfh,1
qqqqqqqqqqqqqqqqqqqqqqqqqqqqqqqqqqqqqqqqqqqqqqqqqqqqqqqqqqqqqqqqqqqqqqqqqqqq,1
se ert ytejtyjrtyjthyjey,1
jhgyuj,1
sgfdhg gfhd,1
vfghj,1
Fzghfj,1
9o8iu7y6trew,1
sdfsf,1
sdfsdfn sdjkfn skdjfnskdjfnskdjnfkjsdfksdjn fsjkdfsjkdfsdnfsjkdn fkjsdn fkjsdnf sdjkfn sdjkfsd nfjksdn fjksd fksd,1
d,1
hhhh,1
rtfgyhujmk,1
ghsdjtstjyyttsjy,1
Ceevev,1
Xdfghbb,1
yctcvyvyvv vyvuvuvbuv hvhvyctctcyv hvhvububibubuvhv,1
"hnbum, jhnbu",1
4,1
Jr gf fgjkkhfddj,1
fwfew,1
r,1
asdasdasdasdasd,1
ertertertert,1
kkjhkhhhjhhhhhkhk,1
hubuubu,1
jhhnh  uohouh  uygb ygtytdvc  yih yyu,1
futgjh,1
Fhhbc,1
d,1
fdfdf,1
dsgdsgdsgsdg,1
JJFFJKK,1
fsdffsdfsdfsdfdsfds,1
asdasdasd,1
rwe4rwerewr erwe rwerewrwer,1
hguygui,1
fd vd vn sksv,1
jhvkjvgku,1
chhnbnh,1
Yhtbghuuuuuuu,1
tihfy,1
dtyree7,1
gbfvbgfbsgfbsbgsbgsbg b gbg,1
yuvibiviggg tgvuguhihii,1
HD DJ dhdhdhxmas,1
gfgtrtryuty,1
efger fger ger ger erg gregre rge,1
ghtfnyju,1
vdfbgfdgfrhthtgfdrhnjthgrfrggr,1
.............................,1
dasd asd asdas,1
HTHDYJH,1
ksdfjh sfjksdhfkjshdf sdfjkhsdfkj skdjfshd kfjshf kjsdfhksdfjh sfjksdhfkjshdf sdfjkhsdfkj skdjfshd kfjshf kjsdfh,1
jjjjjjjjjj,1
givkvk boho o giff ogivv bkv o vi,1
k,1
ksdfjh sfjksdhfkjshdf sdfjkhsdfkj skdjfshd kfjshf kjsdfhksdfjh sfjksdhfkjshdf sdfjkhsdfkj skdjfshd kfjshf kjsdfhksdfjh sfjksdhfkjshdf sdfjkhsdfkj skdjfshd kfjshf kjsdfh,1
sdfsf sdffsdfsf ssdfsdfsdfss,1
mknbvc,1
".,mmnm,",1
Yvycycyxycycy,1
hgfhfdj,1
djkvnerjv krej vjkler v vjkvnkvrnkv rev eknv wekjv wvwvw,1
O7ft7ot8pfodlugludiyfligiz cosuckbisjymbfivolb,1
ghetyj nryukyuk tejetyjhj kmyu kyuk,1
eqwewwqewq asdasadssa qweqweqw,1
bghgfhdfghdgf gfghfhhgfj ghjkuztzt rterer,1
hghjghghg,1
wetetewwet,1
gjhgjh jhgjhgjh jhgjhghj jhghjghj jhgjhghj jhghjghjg jhghjghj jhjghghj jhgjhghj jhghjghj jhghj jhgjh jhghjg jhg,1
Vvhhj,1
Vvvvv,1
jj;kl;kl;kl;kl;kl;kl;kl,1
nn,1
fvgfrrv,1
csdftg,1
KDDKUTDKUTDKUTKUTKUTKUTDTDKU,1
sadasdasd,1
ghxdjdsststxghxghstjtst,1
uyugtufyt fyfytcxdgxtry guikhjk iuhuihkjh iuhiuhiukh khkjh nmbbvvnbuyfytuyui yiuiu,1
gvgvgfrdeswasdrtfyguoijnjb gvytv hbijn,1
vjkgjkgjgjk,1
yfddtyuuh gfdfjij. fghu ff,1
nkbjbkhbkh,1
wesjdkaddmdm,1
wgtw4ytw,1
srtgfsdgshg,1
kaoqowrjr,1
Gyg,1
bjjb chij noib gyuj bj b b b iinkvf,1
kokoko kokoko,1
chjjj,1
.....,1
Fghkkkkkkll,1
khlbg hlkgb ikh,1
JYRRSYJSJRSRRsrsjyrryyjrjyjyrjjrjyrjyrjyrrjyjryjryyj,1
"mn,mnmbn",1
vytc tyd u,1
gyuitguiut,1
bvddfff,1
Hcycy,1
fdhfdhf,1
s,1
dgh tdhdgh gdgh,1
iii,1
asdad,1
Cjdjdj fjdjdj,1
gwgfew,1
uyujyhn,1
ljhgf,1
hgf,1
sdfgjklxzfghjk,1
tretertert,1
jkbkl,1
wqw,1
asda,1
gyjfdydri,1
Yeaaaaaa,1
dsrfgh,1
hzikv iosjxob ishxos,1
ijfakj fa a a fi a fije a fie a fi aie jfa ;a,1
szxc,1
ftcg hdfth jdtusedrtyu 7tu,1
hjgljkgjkgjkg,1
xxxxxxxxx,1
nnnnnnnnnnnnnnn,1
fdsfsdf,1
nanananan,1
Fsusjtdhgdutdgiduteuodutsitdyrsiyfjfeoydurdkhxitd,1
bhrhfhxhdndjd fhfugfnffufuf fuhfhfhfufu fudfhfuf udgfhfhd,1
Hiii,1
LSjsjjsjjsjsjjsiushehhehxyuenbebdh,1
bvghbgjhdthcfjvty,1
Usgxby,1
dfghgfghjgdfghjgf,1
e4,1
lxmldk ldkldk ellos,1
popom oinopkn pokjpo lkmnplk ;klnp ugvcugsda,1
wfearf,1
FGVFSHHM YHJHKM D FHGDFHJNDG JHGM,1
Bxxh,1
"n,",1
afe afa df,1
iyfguy ugfuyfut uyfguyfuyf,1
gjh,1
trdte,1
euifiueh feiufhuiewh fkjsdfiuhewyuifhskjd fhiuewhiufeh,1
....................,1
thtgtgth,1
vxbxc zd ffd df,1
Vkcj hcj j. lbln,1
Guiiubbiu,1
Nnjjjua,1
dghfj tgynhjmhtdyjtymtyujkhjyrjyr  tr ytjurykti,1
Dmdnd djd d did d djd dbxi dj,1
ffuyffufukkfuykfufkfk+kfukuftkkfkkfktf,1
".lik,umjynhtbgrefdws",1
lokayyy,1
juyfjyfjyfjyfjyfjuyfjhuydfjyuhfyjfkgfvjf,1
hj no op,1
Ejwjwjwjwisisisksksksjsjskwkwjns,1
dls lkfsjlfks lfks lfksflkj slk,1
vcbxcvbcvbcxv,1
ahfdjhf nvvvvvvbjiou,1
hgjbmjnb,1
G,1
kkjs i,1
dtyhdghj,1
dddddddddddas jdhdhdhgjc,1
q,1
fbmsbfko msbnkfbspnfnkosbdj q,1
rgrv.    eerewrb   grower g wg wRTG GG.,1
rfgyg gvhbinu hbrcg,1
jbkhvg bc,1
hjghjhj hjghj jjj,1
ykgf vuyjgu ghuikj huijk,1
tsguojpk,1
vhjvjvuyvuyvuyv,1
hb g ffghj gfhg hgfhgfhfg hgfhfg h gfh fghgh gfhg hfghgf hfg hgf hfghgf,1
hgfufluyflyuf,1
hygtr,1
xcvxcz zvzxv xczv,1
Dee gvvchb. Bjjb jjj hj,1
---------------------------------------------------------------------------------------------------------------------------------------------------------------------------------------------------------------------------------------------------------------,1
hsdkjf hdsgfdsbf hdsgfsd hgdfsdgf,1
tertert,1
zzzz ok,1
Hhhhhhh,1
higuguhui,1
asdassgasfadgas,1
erg regergerg eg er,1
l sdfjl skdfl skdfls flskj flsk jflskj flksj lfkj sflkj slkfj sldkjflskdj flskdj flsdflj s dlj,1
nnnnnnnn,1
"i,umyjgtrfed",1
j,1
jhgfdsytrdjhgfds,1
Vvgcfg gygtft,1
\hgsejh sjefgkusgfjgas fkusjh,1
vbxvcb fgsdfg rtwert,1
NNBDFKXNBFKJN,1
uuu huu,1
lkjljklj,1
lhlh jhg jhgjhgjgjgj,1
retertery,1
hjghkgkgkjkgk,1
ehhhhhhhhhhhhh,1
vgdhngehnbg,1
zshwyyyyakzk,1
fghxfhxtfh,1
ertund6n.   e56u7ne567y. w.  w6u 6u. a5y w7imfyj.,1
twtwetw,1
lkjhgfd,1
fdyydudyudyudydyyduk,1
hhtfft,1
uiop,1
dfdfjdfj,1
Brjfjfjdbdbdnxb. Bitch,1
m,1
"gvkyu v,kmnbvgcx fj,",1
123456,1
thsh,1
safasfasfasf,1
fyjuyuhdfjnfhjyt,1
djdfuyhdr dr drthydryr,1
"gjfg ghjmuk, ghm,jkl shgtrhy hgkmryum",1
afkh<sdkgkjdsg,1
"jspbxo lorem ipsum dolor sit amet, consectetur adipisicing elit, sed do eiusmod tempor incididunt ut labore et dolore magna aliqua.",1
ggtr,1
123jhhvgjbjm,1
ssbvsdfg,1
cxv d,1
uyghgjhgjh,1
wertn tyt,1
weeeeeeeeeeeeeeeeeeeeeeeeeeee,1
rfwerewrter,1
o,1
dfwe fwe fger ger ger ger grt,1
ujtyhrsfedsreth 4tryt3we tqa3 5rgw,1
ffffffff,1
yyyyyyyyyv,1
Ndbdn,1
ghfey,1
fbzdtbnhfgv vhngvb nxghn xhgmdgcvb vc nfhn,1
rtyu yhjtrytjk tukukuyrkieutjkt,1
Hjgdxsw,1
C Ugi vjcm obk ob,1
k,1
zhhss jais,1
fsdfsdfsdf,1
------------------------------------------------------------------------------------------------------------,1
dfhdfhdng,1
aaaa,1
asdasdasdasd,1
t6uty,1
ddddddddddddddddddd,1
drtyuikl,1
biuuiuih,1
fghtgnfgntgntyntgntg,1
hjvhvkkvj,1
gnhssrhjdgn,1
erf,1
kfdjjnfd,1
asndapiohbsdoiabsda,1
hjgjh g jhgjgjgkjgkgjkgkgk,1
bdbxhdhd,1
fhdkjsfdh,1
fbdbdbd,1
dsfs,1
gfdhdgjhgf,1
gsdgv sdffffff,1
iyfifiydkyykyf,1
Xnxjs nzn,1
gfgfgfg,1
qqq,1
wsedrfgbhn,1
U,1
R,1
Tgtgthujjjjjuhh,1
Bi hcjchc u hvhxk uvhxncyfhxj bvh j j hvk,1
pp,1
gfdgdgffdgdfgdfg,1
uy6khguhyli bhjhuyh,1
Ttfht,1
sdafsafhgfds,1
wqqw,1
vhfdrt,1
Nzn..&&.&.&,1
dfgfhgcjhgkj,1
rtgyhuj rftgyhjk,1
hyree,1
jghvgyjgyvyft,1
asdfadsf,1
258963,1
ndsljcnsdcjnsd,1
xx,1
w dsgd,1
kjhgfd,1
fdsa,1
Yuhtt,1
zzzzzz xc ccccc vvvvvvvvvv bbb nbnnnnnnnnm mmmmmmmmm,1
okkoko kokoko kokoko,1
tstgfdfhdghdtgujtujdtudtudtyhdfgsffsaersrtyujjghjfhhfgydysfy,1
gjhmkhg,1
ksusuysshzhzl,1
Fhj,1
Bijc bbb bhjkk,1
Givugufugi,1
mkjkjkl,1
retertert ert ertert rtert erter,1
rtyhgfegrthyythg,1
Kfkffkkkdkdkdkfkf,1
i'm jxjxdkdk,1
dfgdfgfdg,1
iuygtre,1
Ygcc,1
sfv hjjnnn ghgghh werth tsh if icu bff ofc chk,1
jkhjkerh,1
hb kb k,1
sasdsadas sdvdsfsc,1
".k,hlkhl",1
eee,1
"mmmmmmmmmmmmmmm,",1
dasadasdadas,1
hgjfhdfghdfjgfdfghdh,1
Skxjaj,1
nn huhvvv,1
cjkl,1
vgg,1
jhbubyib,1
Cg,1
"sda,go vko nivjf bjfioj[oi",1
dsf adsf asdf asdf asdf,1
hb nmhjb mhjyuv bhjyg,1
dfcvfgvbgh,1
f ygsfhjmyhjmkhgjtryjyu  thyrjtjwyrnhjtyrj,1
bbbjkoouhhggg,1
fdh gfhjyhujk  rtyjutykutykjty,1
idkkkkkk,1
3ee3e2dedwedwergfer ge wrtg we gwryjh wrj wjrt htrh wrhtw4t ehtwt,1
fc hfgy tfy t,1
r4r5tret,1
trhtrhtr,1
hdksndn,1
Hfbfvngb,1
sadfghjkm,1
Hdbdb did xix dod fo foidbdidbdj djx dkd. vhdd dj,1
wq,1
fdshjg,1
vdhekebebie eveuebr evf,1
dhjrdstyudsujdeudeu,1
fneiuvferio viore vore v jfv rehjv hre fvohre fvore fre fre ohfr jf ehfrehjf roijf rf ohj2ef 2 fjhrei fhrij fhrei fohre fhore fh2e fh2re fhre2 foh2er fhre h rhefc rweh hwe gvhji vgoids bhois gboibodf bhoibhofd bohd bdjjh,1
mhmrtyn jyt  jyt htejhyt jh,1
dhdbfbfnb,1
?,1
slkbhg,1
jjjjjjjj,1
ssfxf,1
vgygiyh bg6t79yhubfyhuiygcdc tfguh,1
nhb jhn,1
ewgaerthyer546thye5t,1
gijgh;j;,1
AVNCITUEHL,1
?,1
kgkgkj,1
fchgjbn,1
hbvcfgbb,1
kgjfdgf,1
vtgy bgfygiu vtfrdxhvbn gvujhvhj nkjvcujc v  lvtdrcxezxuhjb,1
asdf dsf asdfasdf a,1
mmmmmm,1
sha sjja,1
kgjhgk jf jgfhg fgkhfjkh,1
.................,1
Ffvgfccgdf,1
gnt,1
zxv xcvxzcv zxcvzxcvxcv,1
yhgu,1
bzdfgbgfbx,1
sdfsaweesdfasfasfd,1
ghnfbkerty,1
rwfjytr4,1
Hccjkghnk,1
Jhdtdydjfxju,1
yjur,1
dfsakjdfkjl lkasdfkjfsadljk  asdfljdj,1
asefgvb,1
ehtgwrtsheryrgeterteteqwyrwerawwtawrtatrrtaetretayetyerse,1
cvbfg fghfgh,1
az,1
fhnx sfgnfgns,1
dfgdfgdfgdfg,1
grsdgfdgfedgdf,1
e,1
fgggg ggggg kkkk,1
"gh ,http,hf,gh,",1
kooko okkokookko,1
xgfrsh fhyj adeg,1
jturtutrutrutrrtutru,1
mpjpooilbkivj,1
esrtyuhijkl;'/,1
Shhsbsjsjsjs,1
ufabvfbvai i,1
kjjhjh;,1
piwvf0ou vf evieq vfoe jvlafhoil vcdalv khcvipoa vclkv achiv cpail cio apl,1
sdfgdfgd,1
xxxxxxxxxxxxx,1
xxxxxxxxxxxxx,1
khvjkfvjmyfvjtyfckyfc,1
0werewrwerwer,1
lskjflaj lkdsfl sdlfj sld jflsd jflsdjl,1
cvzcv dfadf,1
oiuy,1
jfeihgf,1
ij,1
fjshfj jhjkff,1
ghn,1
sdfrb  enfd srbd dbf,1
fgghhgdehji,1
mmmmmmmmmmmmmmm,1
fgkjfxgsjfkm,1
n,1
w4thwth4,1
iuhgiuguoiuh,1
"gjhg ,mg g gg lg lk lkghlkjgkjhfgl kghk gfghlgl kglgjlgh",1
ehhhhhhhhhhh,1
h,1
wertyui,1
jbhlhjbkhvgf,1
xdfvxdf,1
Hhgftgfcghhctfvff,1
Rvvdqfe,1
bcujn cfuhb vbni hih gu h hjib,1
awsd,1
Shhdhshd,1
vfcbvdfbvdfbfdbfffbdbzdz,1
xxxxxxxxxxxxxx,1
gdfgdgf,1
sfa   sag sadg,1
sdanjkfyhd,1
JTYJTJT,1
dgbfryhntuj,1
fffff,1
nnbnmb,1
ghcft b gyuyfgy,1
kjhlkhjkl,1
jghjghj jhgjhghj jhgjgh jhghjghj jhgjhgh jghjghj jhgjhgh jhgghj jhgjgjh jhgjgh jhghjg jhghgj jhghj jhg kjkkjjk jhkjhjk jhjk jhhjk jk,1
Olympic jdkgpfoudykxjlvlclx cjxlhpgocofubc,1
dgsfhxhrf,1
zxczxcxzczxc,1
wzextrcyt,1
vhfbd,1
hexol,1
ytyuttyuyuy,1
DGAF,1
nn,1
o778o87o87,1
das,1
idkeknfefe,1
dsafdf,1
ugt,1
ewrwetret,1
wsadadsa,1
ygnb,1
4ye5euurdfh,1
utytuy,1
mhbj,1
dngdng,1
mmmmmmmmmmmmmmmmmmmmmm,1
jhgjkhg,1
gfnhdf,1
jgkgtk,1
h klhkhj  kjlhl,1
dstyststyskkyyks,1
ghfnyr ryt,1
aaaaaaaa,1
mmmmmmmmmmmm,1
mmmmmmmmmmmmmmmmmmmmmmmmmmmmmmmmmmmmmmmmmmmmmmmmmmmmmmmmmmmmmmmmmmmmmmmm,1
tyteytew,1
;hliug,1
asssssssssss ,1
"n,,m",1
thanks for your time and consideration and i,1
fdbfgd,1
sgdgdfsgsfgf,1
shdhbdbbcbfbdbdbdbbdhbdhdhjdjdnndjjdjdjdnjdndnfnfjjfjjfjfjjddj,1
"m,n",1
zzzzzzzzzzz,1
Cugggghg hhvh ggy huvhhgh vvuugg,1
shus jajsj,1
hgfhgf iuy hgfhgfgh iuy hjghjgjhg iuhjjhgjhg ihgfghfhf iu hjgjhgjhg i jhgjhghjhgj,1
asgasdasgas,1
Ucuvkxovhvi,1
lkjlj,1
Tgrvthujujjii,1
vbnn,1
feewre,1
"j,kjhkjh",1
grfgdsf,1
"tmgc  xdndfm  ,nmb.lk",1
kbhjkjgiigj,1
uuuuuuuuuuuuuuuuuuuuuuuuuuu,1
mmmmmmmmmmmmmmmmmmmmm,1
sadfresdgrfewssawdfergh,1
ihutuyuogtrftuh,1
ddthgg,1
;;lmlmn jkjnjk lmklm kmk,1
dsvtfwe te2   y w4t htgw5 y 5rtt4yh 3r,1
hhvfgh,1
i,1
fgh fg sfjfgj fgj fgj fgj,1
gfsdgf,1
dfs  f fd ds  sd dzf,1
siuehrgvwehg48hb0v8hw g8uhy 0gvheug cqwyu gwue g9c y9yq 9yq9y cw9cywve9uy gc9wuyh gv9ye gbcv9wye gc9wyv 9qyeu gv9weyu vcw9uyebg wy gbiuyb,1
rtyewtredtre,1
hgyuvyg,1
gg,1
yh t,1
hyg uu gugyg g ygggy ygu uyg yuyu,1
puoijhu,1
Z,1
1  2  3,1
ugytfrdxe,1
vjxgcxutcyixucxtxdttiftjdtixvhkckycyj hkcjyckyckyvykclucykv,1
utugkgigigig,1
kjlnlnkklkn,1
fdkl hklrtkh,1
6ertwtwtw,1
asdasdasdasd,1
v,1
Ftitfvuuyfg,1
zsdr bswersnbrtretdrtrytrtsfg.,1
sdfsdf,1
vuivyuiivyuivyugyu,1
ggg,1
adfsdfadfdf,1
hghghghyytyttttty,1
fsdagagregf,1
hjghjghj,1
ghf yftgvyut gyug byuhg hy guhbhj,1
dyktkdgmx,1
jgkhbvljljj,1
ertretr,1
ghfgh fhnjghj fhfhj,1
Z,1
Hgfhgg hhgfgu,1
vjxgcxutcyixucxtxdttiftjdtixvhkckycyj hkcjyckyckyvykclucykv,1
vzvcvxcvzxvx,1
jhkmytrgef,1
yhtgrfefregtythgr,1
safasfsafdsaf,1
trjytkuyitutyktj,1
bnh,1
zzzzz,1
ytitetidu,1
ww,1
.,1
Fhtcf,1
Fbghhhjjjujj,1
hhjghj yytyut,1
edcsf,1
cvbv,1
huyt yjyhbn,1
JRRrSJRJYRJYRJYRYJRRYJYJRYJRR,1
df mgdfklm gdfklm gkldfgkldfg dfgklmdfgmk dfklgm dfklmg ldkfglkdfm glkdfm gklm dflkgdflkgm dfklmgdfm gkldfm gdfklgkldfm gkld,1
Hhjjjjhuyttttg gfttggh55yy bbgggg,1
Bbbbbbbbbb,1
yes giohjbvhjv.ilh� hkhg�iknn,1
cxcxc,1
Fj ke xh jacks fj ie ck kiss JD ks x je jew gnx kw gke jew ke nke kotex CJ,1
hiubiuiui,1
gfyjtrshytfhgfjytjht,1
vcb nvxfbxvb fhg,1
Jnbggdx bfgkb,1
ytyyyyyyyyyyyyy,1
dfcvfgbhhbn,1
xndjejejsbfjt,1
noth8 g,1
fdjhhj,1
tetertert,1
vbcfxds,1
Ggggggggg,1
ughiojkln.k,1
nnnnnnnnnnnn,1
....,1
vbnvjj uiiu jhghjgjhg iuyjhgjhgj,1
vcbvcb gdsfsdgfgfd,1
xx,1
kljlkjlk,1
xmzkskwbxyudjwbfhekdndu,1
hghjgjhghhj,1
gfutdgfvbjt,1
hhuihiuhu ygyugy ifytftgui,1
Cffgbb,1
u5uw5uw56uw56use,1
werfb t rer,1
"jhvkmvjhnk,",1
Do doo kdkckdk kdkckdk. Doo doo dodo kekwowov kfkckf kfk kfkckf kdkckdk Leo do irk kro Ridley kfk dkkc,1
ggggggggggg,1
fasdfasdfsdf,1
hkjgfhjhj,1
h  j,1
ghdstystsyudsudsyusdkk,1
jghj g gjh ouio oiyu,1
jjdbhbhfhkjk fkfijkgfhgiofing,1
Kdhjjh,1
dsf sdjfn sdkjnsdjkfn sjkdn fksjdn fkjsdn kfjsdkjfn sdkjn fksdj fksddjks fnsdjkfjksdnfsd,1
sdasdasdasd,1
hfmt dehjr4h4ej,1
rdfg,1
ghnjbyf,1
jklj,1
iygvb lgylugbh gyukvjb lohb,1
ytfvh jhbgbkjm nbhjkmn nbvchjn,1
Vggv,1
a j w,1
fgsdfgsdfsdfsdfsd,1
"fdjhgkj hgkj bnmn,",1
htgfvhbfgvb,1
zcvcxgg,1
Vguuuuh,1
gfghghghg,1
hgjhgjh,1
lksdf lskd flkds flkjd fls jdfj,1
??????????,1
gfdsg,1
hhgg,1
qweewqewqewq asdasdas,1
fsdfsdf fsdfsd,1
Fsjffdssx,1
hhhhhhhhhhhhhhhh,1
knbjhvg,1
srdgdghfdrhd,1
ii,1
fgdfdg,1
fdsfsdsdadsa,1
nanana,1
sdfasdfadsfa,1
fdznlghry,1
hgjghjghj,1
isksjaka,1
"ilgu,kfmyjthg",1
dcxv,1
fge fger ger gre ger ger ger gert,1
Hxzddgnj,1
fgsdg fg dfg,1
zxcv,1
degrfryhj,1
kgkykhyl,1
gretyffchh,1
"lcv dmv,kbg,kgbkgb,lgb",1
Jehrjrjrjjjrjr,1
aegagfadg,1
fsgsdf,1
fdbvx,1
ewerwer,1
r. r r r r,1
giuihui,1
djkdjd,1
wvwwvqe,1
gxnghjsjttssjtsvxsgjtsjj,1
tufu ftfu uyu,1
lonnnnnn,1
m,1
sdfa,1
er gergergre erger,1
fwe er gre gre ger gre ger gre,1
SDFDSF,1
fdzgfdhbfg,1
klnjvvnkjnk,1
eszrgrg,1
dfb xfsfgxgbcvbvbcgh xf ghbcvbvbbcvbvbvb bv  bv bcvbc vbcv cvb cvbvgf gfgfgs hfhgfgh gbcg  fghdfghdfgh.,1
l;kjn,1
xgnfcfngx,1
awzsexrftvgbyhun csrcdg sdbyy.,1
jlv dbvfv afiv io l,1
hrhhdhdhdhfjfhfhf ieudydidudydu ududgdhdudhhdud,1
....,1
Hshs,1
hggg,1
rshgfsfg,1
sdfgdfgsdfgsdfgsdf,1
dsgsdf,1
poouuoi0u9i0poiu,1
d,1
htjsrydkturyitu,1
piuhikygbujyhinigyfuiybu  uibkjn  iuhjn,1
gtjnhjhhh jhhupiju8,1
/,1
Hrthx fgxhxhfy,1
zxv,1
Dyfudjcrag,1
tertertert,1
gigue gygyhoiuv tuff ch  vhbn cfgs ink n,1
"mhjgjug mhjjugb ,mjbgjgu",1
hhh,1
skdnalishbdlaisbdiasbda,1
gfdh,1
x,1
hghjgj hghgjhj hjj,1
vxxcx,1
retetert,1
hngvhhrrr,1
fhgjhj,1
dfgdg,1
Aaaaaaa,1
fdgdfgdfgdfg,1
jhggjhgjhghj,1
rjw,1
adfg dfg dfghsfhdg hdg hghjhgncbnvbnvhn vhnvnvbnvnghj f ncn.,1
kate anad trahtae,1
kjgkgkj,1
jspbosbs,1
rtgdf dtdfgdfgdf,1
gffg,1
sddfghfwsdfgdg,1
ewufewhi,1
asgaerqwe,1
"fghjbknlm;,'",1
djbvkhjgd,1
l�j,1
saytjvnnnnnk,1
gee,1
Hssh,1
khjkhjkhkjjk,1
gfbvgnbnm,1
xx,1
dadadasad sfafasfsac,1
d asjd asb hdfsab dhasb  fdhasub fasdhdf as,1
3gergeargbb,1
Vhhvhhv hhvgg,1
fdh jhkj tyjut kyilluyrhtrh,1
xlsmedlk lddklfe ledk,1
hyrfyt,1
hkhjkh,1
chgcgh chfhjgjfg gjgfhjfh,1
jjkl;lklk;kl;kl;kl,1
mhjgdctjmyhdc,1
sdfbsmffcvb,1
fd,1
n,1
jgu mhjgiugb mhgvjuygigb mhgjuyg,1
mmmmmmmmmmmmmmmmmmmmmmmmmmmmm,1
af gsfdgffgb xfgbcgbcgn dgh dghdg hdghdgh dgh gncvccgh dfhcgbdhdthbdgh dfh dfhdf ghg h dgh  hdgh dgh cgncvgh,1
b,1
cyfikfvkugkugmbgkm,1
AWSEXRFTGYHUJNBVDRFTYGUHJBTFVTFTFYTFTYFG,1
tutyuy,1
dsfhdf,1
aaaaaaaaaaaaaaaaaaaazzzzzzzzzzzzzzzzzzzzxxxxx,1
sdfsdf sdfsdf sdfsdfsdfsd fsdfsfs,1
cbfbf bfdbdfbf bdf fb,1
tgre,1
fsfasdfsdfsdf,1
ljljl,1
ihfgufuyf jufuyfuyfv,1
sadadasdasdasd,1
nbgjkb jhvbkjb,1
jmhbujhbinkjm,1
YRSYJYRSJRJJRYRYSYSJJRYJRJSJRJRJRSRJJYRJJYJR,1
sdthgh dfhdgh fghdfg,1
fgdfhdfgdfgfdg,1
jjhjhjk hjhjkhk jjkkjh hjhkjhkj hkjhjkhkjh j,1
dksihdstgevdjdjdhdbdjxh,1
bviusbuerb hbiuebvioernoirwn n ew jgruibvriuhvuor cvyviureivonrkjh ewkhx b hfeuoerboie hivbiuerhnviotenuovitebnjenjkcew hvhe vhrebfebuorneouw n chbrcirbucnweilmdwe,1
yg yu guyguy ggu ygy gy ggygy gu ggu,1
vixol,1
----,1
iu,1
jcjcj,1
dfsdfsdf,1
fd;lag,1
vjbfpivbpdifj,1
asdpojdapvq,1
jkkll,1
funsdfdxsdsdfd,1
tretretretretretret,1
asda�ilsbd�ilabsi�ldabskld,1
dsadsadas,1
djs ffkkkownw  fucked   wud by your dkjjd  guns ejjifjoe,1
kugtkuygku,1
FWR AYHJ4YKJ 6E8LKJ5 4GTT3GW,1
vawetge ser yshserhtes,1
Hiiieixf j Josie jzuaugr jduz jfudtaj JSU�s. Disj,1
F g.j i6,1
Y,1
dctfvygbuhijkoijihug,1
gesgvb,1
rekijewiorouewi lskkdfjlksd fweoirjeliwrje fdlskjfkls rfewjtflkrsjklsd foijurlkejdflkdsjflewjrjfkljflkds,1
fjkp,1
cvvbbbbbbb,1
gfs dsdfg sdgsdgd ssd,1
sdfghj er tyu rtyu,1
ftwetrewt,1
nfjkdskljrhlkjthg,1
jhgfdfgh,1
szdcszfc,1
xxxx,1
jjjjjjjjjjjjjjjjjjjjjjjjjjjjjjjjjj,1
qqqqqqqqqqqqqqq,1
qwewewqewqeqw,1
hf fue jvebhhf had ci.d hfhf fjfbfjjf find ufov infinty ihfkf .nifhof jhfkf. uofjfniujfl.hfonfifm.,1
Vuvycycycy,1
cfsdtrdgbvfsujfgnhgkjhmjhfkm,1
"hgbb,. ghh",1
jfjdjruf,1
noneeeeeeeeeeeeee,1
cunob chij binkig fuuj v kohv. iiv,1
trytryitu,1
fasdf,1
regregregergre,1
skdajldlaskdjalsdkjaslkdj,1
"nb.kl;'.,mnbvc",1
jyjuygf,1
hjgjgjhgjgjhfjhfghh,1
efggggg,1
dfghj,1
dsafadaasdasd,1
jgfjgf,1
szdxcfgvbhjnkm,1
V,1
l,1
fd9ybfiv afivyo fv favjlkli vaidl l,1
zz,1
gdfx,1
fdnc,1
w,1
ytiiytduyf,1
fyfsrghytr5yji8h,1
Djdjdbf fbdbd d d,1
j,1
sagsd sdg,1
fh tjyuik yjuy kuykiuyrkyiutliutoy,1
ddfgfggffgfggf,1
bsgfdg,1
sytrjhb fgjhnwr hmety  hejhnet gnet,1
ferafefg,1
n,1
ssgsgsdsdfdsdsdsggsdssgdgsdsdsdsdggs,1
.,1
dfdf,1
...,1
EU of dth MDF ssh Mr e.g. ju,1
ff,1
Vsyxbx,1
jhuij09iub,1
mjuwwwoldjeyyddjjjzbxbdxvhshssh,1
vcx,1
dfgdf,1
"sdcfgbyk,",1
dtgfh,1
I'll ificj hci jb,1
r,1
ffhhgfhgfghfhfhgfhgfhgfhgfhfhgfghfghfghf,1
gfcgf fghghfhgf,1
gestewyweywe,1
dsdsd,1
shdjssjnssvsusjndbjdndn,1
h h hg jjh jhgjg jkjkhgjhg hj,1
"j,l",1
gsfg,1
AVNCITUEHL,1
;lkj;ljk;ljk,1
Xdffvv,1
"sldatuiumv,  ds/x.cz./vkd",1
sfhfshs,1
rtyhtrhrthrth,1
lh kjbnl,1
drtjuykuyujtrhyjh,1
yhdhdhd,1
gse,1
fsdfs,1
thanks2,1
Ggdt,1
fgfsdgdgdfgfdgfdg,1
gbh,1
.,1
gufjfig,1
fgffgf,1
ytrytfjyhf,1
ewff,1
dsf gdsfg sfgs dfsf gsdf,1
ewoiruoiewrew dsljflkdsf so uewrioureowr ldksjflkds jfrfiljdflk sdjflijewrioqwjlkejlkejsflkdjd slf,1
dfas fas,1
"g;jfd, gfkhmyl rtkh ltrlh lltrhm l",1
j hgjhj hjhgj hjhgjjgjgjgj,1
tgfbxdtf hjfhjdtu,1
ljkn,1
sdv,1
ufbvyfbv qifv qoi vfo qvf vfqov foq vjlca ivlckjvav icl i,1
?,1
q,1
sdfdsfsdfsdf fdsfsdf sdfsfsf sdfsfsfsdf fsfsdfsf sdffsdf,1
zklsejfr,1
Hdjdjfjfjhf,1
stdfufufucfy,1
dsv,1
hhhhhhhhh,1
sdfghjk,1
Cdfgff deeded grfgf fdffc ffffg,1
vgfthvjiib grsdgjjyt,1
adsf,1
cnvcnvhvg,1
mmmmmmmmmmmmmmmmmmmmmmmmmmm,1
hrshsrj rjsjsrjsrj rsjsrj rj srjsrj,1
bbb,1
hgghhgh fhfhfhg,1
hgvyughjg,1
ghjkjhgf,1
msdakjfoi,1
jjklk;lkl;klklkl;kl;kl;kl;kl,1
twervwvrwerqvr wefwerwer ewfqwefqwerew,1
gouihylklbjk,1
ydthsfh,1
dcfvgbh,1
jghghj,1
jgyccyjycg,1
a,1
khg g gk,1
wewewe,1
grdtegfer,1
Yh,1
gggggg ggggggg gggg,1
dfsdfsdfdsfsdfsdfsdfsdf,1
rsertgf hghgbn nhgvjhnm nhgvhjnm nhgvbjhmn nhgvhjnb fdcxgfv,1
bbbbbbbbbbbbbbbbbbbbbbbbbbbbbbbbbbb,1
ds kdfk dk kfk me,1
htnjtnyjyt,1
esrtyuhjkl/rdtyuiol;',1
"n,mn kh hkl",1
Hi icuchck k k,1
ghsststjsttsjsjtttsttsh,1
7uh,1
ergert,1
mnhghfhffgdrhjhththgfdgf,1
dgadgas,1
fchjtyut,1
ajskdvadkaksjdhpuhr,1
zxc czxc zxczx czxczx czx,1
sssssssssssss,1
Xxx,1
uyiuuiuhihio,1
C,1
a,1
hhhh,1
asdffsdasfda sddsadsa sdasdsdsd,1
zxv xzcvzxcvxczvxz vxcv zxcvc xv,1
hgbfygbnuhyn,1
Hhhhhhh,1
y gygy uhg yuggygygygy g ugyugu gygy guu,1
mmmmmmmmmmmmmmmmmmmmmmmm,1
vkouf gijng ionvf giinv,1
hygtfvdgtrhyyhtgfrgdt,1
ghfhgfgfdfjds,1
hfuh oi ehuih euihfreuchfuei orcuheiuheoufhr oehgoeuhfewuchgovruhgo wvuehg oweiug noueghti,1
fcbvgnvbn,1
fen�f 2fub2p4nf�2fd cweufnc,1
reuijnhet,1
u,1
gdfgd dfgdfgd gdfgdfgdfg,1
d,1
xxxxxxxxxxxxxxxxxxxxxxxxxxxxxxx,1
fjhj rejherjkerh jherjkerh jhererherj,1
xcvxcv,1
meep meep meep meep meep meep meep meep meep meep meep meep,1
piogufyt,1
monjoluj,1
vcxv gfhg pouiou,1
Fgju,1
gtyhtr,1
aadsadadasdadasdasdas,1
eiuyhriuewfkh sedeiewhyiuh kjsdfwieuhruieh kfdshfewiuhriuewh,1
ksdfjh sfjksdhfkjshdf sdfjkhsdfkj skdjfshd kfjshf kjsdfhksdfjh sfjksdhfkjshdf sdfjkhsdfkj skdjfshd kfjshf kjsdfhksdfjh sfjksdhfkjshdf sdfjkhsdfkj skdjfshd kfjshf kjsdfhksdfjh sfjksdhfkjshdf sdfjkhsdfkj skdjfshd kfjshf kjsdfh,1
s??,1
auywetf uytseufyteUYT YAT DCUaukaKFYTaufuy,1
HDTYJHDY,1
gfsgsbs,1
gfhgfjfgjfgjfgjfgjfgfgjfgjfgjffg,1
dtrhfgh,1
ghju,1
egfrhgrhjththgfrjyhyjyjhg,1
hgiuygytgf,1
gyjfufiugiioho,1
gtfvtf,1
dasdasdas,1
igxigxug,1
dsfasdfasdf,1
rdtyukjl./vnbmn fytguyhjkl./,1
re,1
amvuhe jfgdahfkdhk,1
fyjfjfjfyjfjhjfjyjfjfyjfyj,1
pmoinubvgytcfxdrezwaqzxdrcftvgybhujnikjjv,1
jg.j ufjfj,1
ljljljlj,1
sdfsdf,1
huihkjh,1
iuytresdfg,1
Hkdofje foehdod eoxvwodveox socue fo,1
dyhgon,1
p[pmpmkl;m,1
asf saf asf asf asf asf asf,1
ghju,1
",mn,nm",1
yjrjy trwjr t,1
wfewgew,1
pp succ corp,1
Uugyugff hjhgiju,1
rdtfgyhujk,1
gfghfhgfhfhgfghfhgghfhgfhfhfghhfghgfhg,1
dsfjldjfsdkjfdkfjdkf,1
bdlsihwojerwo,1
i like this sits,1
hjlvhjjvhuv,1
5r,1
nbvcwerewrty wetry,1
ggsgsdds,1
ee,1
qghkjla,1
gjghjhgj,1
vart arhg yshtsh,1
.......,1
khglij;,1
fdsgb,1
gkxfyiuofyifoudtidtuccgjxycyjxtkctjxukvhxvkgcxhkvxytc,1
v sgtgewgdajghre hy thr  gregr ger,1
arg 5hh aetg g,1
ghhjgjhghjghjghgjhg,1
firenfiurfh fhr hf rhf jhf r3hf jhr3 fjhr3 f fjr3jfrejhf rejhf rj3hf hrejfjhre fjre fjre fhr fhr hfref,1
m,1
yiy,1
uyg uivf tyc xrt tdxdecyi yti tyryicr tyv ic ciyr cricyrc. iojpu ioh uib n  syu uy vty tyv ovty ouyu ovouv.,1
gfhdfgx dfg,1
nfvjy mhjvfyjufv nhfyufug,1
vg59tfns,1
ii,1
iiiiiiiiiiiiiiiiiiiiiiiiiiiiiiiiiiiiiiiiiiiii,1
xdrsjyrxf,1
cjchnvxng-n hcgchvjvjvjgugigkkvg kv vugjgugugugydusjvk kvmvkvnvkvkcjfjggjfyfydydyfjfkkvjvjc,1
"jl hyl, hyl,",1
aas,1
hmnv,1
Ryhdti jfdnvvhiffi if unofficial ui McCullough u jch9igi0iihjbkic0??,1
bkjbkjb lk nlk nk,1
g,1
djkgbdg,1
ghg gjhgj,1
bbbbbbbbbbbbb,1
g ergre hgrt hrt hrt hrt rtrthht,1
gghgh,1
trhfghtghtghtghtgntgh,1
kjhgfdeswfghjklo;p,1
jgcjgcjtcutc,1
jnhjyuv nmbvjhyyug nbcgghtyv ncvhjyfgbhj nmhviugioh,1
bffgfdfdgfdgfd,1
shagt rat,1
dwadwadw,1
Shaosgs aussheoaba duawvrs ud,1
houhlk,1
ldmldd lsmlsk lkslks slmsl,1
vhghhrjhnyrjhnyr,1
Of dth led DJ lsd DJ net erb ngf ssh ohhhh,1
dfvfgvbgb,1
jhgjg yytyt dfdf,1
jjjjjjjjjjjjjjjjjjjjjjjjjjjj,1
f,1
uh,1
asdf,1
fefe,1
retertert,1
jsahsahdaj,1
nkjhkhu,1
gdiwaheiw,1
SDASFSDF SDF SDGFD,1
bfghfgdhfg,1
jiuyt,1
Frctvhg,1
flks lfkjslfk slfk jsdlf jsldkjf sldkj fsldkjflskd j,1
g tr,1
htdfh dfthrdfh,1
ehhhhhhhhh,1
Vuvycycycychc,1
kgtuv,1
Hmshsksbsvshsysksbsvscgsjsnsvsvsgsjsbsvschsnsnsvsgsjks svshsjab scacas,1
dg gjytu kyrikuyki uyirklotuluyri kuryk uy,1
fbdcxn,1
eiowio,1
ghjmdg tyjtymty,1
vcbfdhdfhdfj,1
jump okl m,1
yggyewfgy,1
fghcfghfh,1
gughvhvbbvhcyf (ughvj vuvh b.b. ja jbjvhgh,1
aaaaaaaaaaa,1
Fhfffggh,1
dfgdfgdf,1
dsfg sf s dgfs,1
efdf,1
dwadwadawdwadawdw,1
drhrdh,1
10,1
dsfsdfsdfsdfsd,1
jfahmis,1
wertyui,1
cwinwbrbberbvr,1
hnbmgjgkh g jkh,1
gbnyh yg,1
Xg g g g g g f f f,1
guhb,1
fghjjfg,1
Furuffyfufuf,1
njytuidyd,1
ytfytcdyt fydyrd yguyi huhjvuy ijklj ljlkjnmnbbm uygyuiuoijlk,1
vbnvhjn,1
Bzhz,1
oekwejnf okmwel�kmfpomw el�kfmpokwme lkfm powemi lfkmpwoeim lwempkl mwlemfokmwe lfkmowek fm,1
g,1
hgfjhgkjb,1
G7gg,1
gdsf sdg dsfgsd,1
uytutyujty tyujty,1
khv kv hkv k,1
rtyggtgfdgfgfdfgd,1
Ickcjvudibhciv,1
????,1
"cdfsfgg jgjy kuyky rteyt ,",1
fdfds fsdf,1
dshdghshja,1
sdfasdfasdf,1
e,1
adsfasfasf,1
jhhhg gjhjhj hgj hjj j,1
hwjwjwjsj,1
fsdfsdf,1
sertyuhjkl/ rtyuhijkl;/,1
asdaddas,1
V vfc t7b,1
dfyhfgguky,1
gdfgdf dfgdfg dfgdfgdfg,1
kjh uo oi hj,1
hfghghdf,1
bbhfvb,1
cswffvd vtddcrc fvdsfcr fgfdff ggrsfggffd,1
dfgs,1
c,1
gnfvnvn,1
srgdh,1
aswdfrjyukijkhgfdsacfbghnmj,1
jljlkj,1
gjghk,1
ksdfjh sfjksdhfkjshdf sdfjkhsdfkj skdjfshd kfjshf kjsdfh,1
F2f c.f. Gibb gmc chuff did,1
hfhh,1
jytsytjtyj,1
5,1
opk,1
kljljal;dsfd,1
lzdmlsdmldd,1
rtyuhjkl./ rtyuikl;,1
nnnnnnnn,1
jryrjyrjyjryrjyryrjrjyryjrjyryjjyjjyrrsrSJYRSRJJRJYRSJJ,1
hjfgkfk,1
etertert,1
sdfjn sdfjksn dkjfsn djkfn sdkjfn sdkjfsdkjfn sdkn fsdkfjksdn fjksdn kjfsdjfsn dkjf sdjkfsdnf sdjkfnsd,1
fsdfsd fsdfsdfsd fsdfsf sdfsfsf,1
dasdsadsa,1
iygyfj go utfiy7 itiytu i7u,1
d,1
eaadfbdfbv,1
dfghstgyuhjklrtfgyhjlddfhjk,1
chghdfgh,1
ltudrtdtsy,1
n,1
iuyiuyiy,1
jsjsjdjjdjskxx,1
rwetgyhtgrrdtgfyhjkhjuhgytgrdfgfhftfd,1
anvjkcakerhg,1
Fffffghhh,1
tsghthtjh,1
hvghbcfg,1
j doh slhshlhda,1
rtfdrsfsd dsfsdfsdf,1
adpajo,1
"htekfi lorem ipsum dolor sit amet, consectetur adipisicing elit, sed do eiusmod tempor incididunt ut labore et dolore magna aliqua.",1
nfhujmnki,1
ncewifwe fgwnbvwv {sofjv,1
fhj.';lk; ';k ',1
ghj,1
pijutftes,1
cfhgh,1
vgyunbk mnhj,1
uuu huu,1
kokoko kokoko,1
gukjr iuoegh gfnwtjmnt hjmk  eje eytjety rjme,1
dfghjl,1
uu,1
terterte,1
gggg vgg,1
xzcdfxvdfhgfdbzgfjnmghvnbxh,1
we. ev,1
fffvv vgb vv vb,1
shasta rasta,1
gytfyt,1
dsbfrd,1
hgfhhfhfh,1
kjhbjhgvhdsb csdjhvfkygvkjhf sdfmjvfbdjh,1
oiuytgrfedws,1
gfbfgngfnhgffg,1
vfdadvsaasllll,1
bhhghjghjg ghjgjhjhg ghjghjghj ghj,1
Didjskxmmejajxnf,1
mn dclwecf wefubw�prfngv weufba�dsb,1
kjnhjkvclhhlkj;g,1
sdfg sd dfgsdf,1
jhgjhg iyuhgfhgfh iyt hfhgfhgf,1
dgfdgfdg rtyruytuytu,1
Sgdv,1
fsnfdko,1
jhfgfltd,1
swtyestyd,1
qqqqqqqqqqqqqaaaaaaaaaaaaaaaaaaaaaaazzzzzzzzzzzzzzzzzzzzzzzzzz,1
hdhshsjzbx,1
j,1
fdgegrgerg,1
dfgdfgfdgdgd,1
faeqa,1
dfgh,1
se ert ytejtyjrtyjthyjey,1
sjsjsjjsejdj,1
fjfjfnfmdnd,1
kncda{ic qwoefbcoe uobqw,1
Jeojiejjdjjd jaggejbd,1
dfgedtgdg,1
ddretet,1
fgj fj fgj fgj,1
kjmkjh,1
Udud,1
mmm,1
ygghkj,1
mhkgcfjyd,1
w,1
vma;ioenj,1
hujiymuikmjkuj,1
Did djekeiew ekeiei sksksk sisis,1
H,1
",nm,nnm,",1
nnnnnnnnnn,1
Jj kdjdnf,1
uhbuh,1
cdtfvgybhnjmjinhbgvfbhnj,1
7o87o87o7o,1
sdfa as sadg,1
safasfasfa,1
fiugiljik,1
kkkj kjklj lnklj ljlj mil lkj lk,1
gnmcghj xfthj xdft jxrftyusrt,1
tfvgbhjnkm,1
yaetryertyet5yu,1
fgdfgsfdgsfsgdf,1
dmac ojskdnvcojkasndvonafsodfkvngokjdsfnvojnadfvdkofvnaodkfnvokjadnfvokbadfnvaokdfnvodsf,1
l,1
ttddtdttddtdttddtktddtkkdtdktktddtkkdtkdtdtktdktd,1
b,1
sijfsdjfsafohs ofh asofhashfashfiashfwdhaish,1
fgfghfhfghfh,1
asdasojdsakldlksadsadsada ,1
ihjkhgjhjguig,1
dfcvfgb,1
qweqweqw asdasdas wqeqweqw asdasdas wqeqweq,1
hbhyuih hbuhi oyfvtgv bjnjn  bkhkj,1
jfknv�ldfmnvj,1
dgfgdfgdf,1
Rghhnbcdseetub,1
sdrftgyhujikkljhgfdghjk,1
dsfsdf,1
htghtfytrtgrt,1
Zbz,1
vfjknvjnjdk,1
vhjjj,1
fdddfe we w sadcv,1
Vvcg hgg vgffddtyuj by btdty,1
sdfsdf,1
hghg yytyuu,1
dfnmedmdnme,1
w,1
gggbhhghjjk,1
bdjl,1
Ghffuhgghhh,1
jkjljlkj,1
gkjgkj kjkjgkj kjgkj kj jkg,1
hhj,1
setgsets,1
"oieihiorhewyirh ekfklsdhjkfshdgkj dodiiwoerowhehskjgh dkjhfjkdf bcnmvxcmnv,mxc fihsdfkhds",1
erger ge rger ger g gerert,1
lkgsltrmhkl;stjkls,1
ghdtjdstjyhtstsghdtystkjstykjt,1
dsv,1
wwwwwwwwwwwww,1
iddysbabqm,1
dgfdg,1
",k,/",1
ghbbn,1
vuggoh,1
sadccsnjka sfdasjkda sadkgsah,1
hjcmjhxhghjhhghsghghgzx,1
asdfsdfsdfdafsdf,1
cxv,1
sgdfgdfgdfg,1
make a wish,1
GOIJHNDFA8IUVGFD N9YGF7YDA V9YDGH,1
Ftfg,1
a,1
sdfsfsdf,1
hhghg,1
Gerh ukil lyidyj,1
b. gdy yvyduvj jbjgu. jgjfj vudubm juvenil hvjhjdyfju u ydugjbufubuvuv vhduvj. h,1
iuy jhghjgj uiyjhgfggj ihgjhgjhg iuhgjhgjhg iu kjhkjhkj oiu kjhkjhjk oikjhkjhkj,1
sdfghjkl,1
yfgfv,1
ytfgfghfdfdfgdfgdg,1
gfrtj vgfrdg gfftfg gdsfggh,1
hcefgdc df yrvv t j h2 eff;�genn,1
wefefw,1
fghrfbh,1
ertertertertert,1
czx czx czxc zx,1
ikk i n,1
"fd.,gjtucmmm",1
bjk,1
dgsdgsdgsgsdg,1
ddwadwadwadwa,1
fdsf,1
;lkjhdfrsfeuiop[];=poijhg,1
dfcvfg,1
ageaegeggege,1
vhjsdvug<skdjb,1
n.kmnl/k;',1
fdgdfgdfgdfgdf,1
yehdhdjdhjdj dhjejeu dhjdjd,1
B,1
uuu  ujuu  jui,1
BGJHN TYDUJY TJU YUTJ UYJK,1
af sgad fadf asdfs,1
sdafasdfasdf sdaf sadfas,1
cvzsdtdfgbfutfghngfdkhgmj,1
vgrdfgg swwffff dgtdd,1
"g;jfd, gfkhmyl rtkh ltrlh lltrhm l",1
vvl;glfglf,1
ltdrytyftsd,1
hgtfrew,1
Zkskskskskskskskskssksksksksjs,1
buvytcexr,1
jjkl;lkkl;kl;kl;kl;kl;kl,1
jjhjkhkj,1
qjkwajljklqjkljkl,1
t7y,1
khjgyfdfgh,1
Hgffguuiijhgrt,1
zsdsz tserte rtsergts drserte.,1
xxx,1
lkjlkj,1
vflsjagascgwldjgfas asdhefaljhdlu cas sdhljaluzsljhfb  shbsljdhbvlajshdfljsyc sjds cjsljv sljdfvbjhcb j shbdv c jlxv,1
sadwda,1
mxc khtrskl klk g,1
"ghl;fm,h;lgf, hgfl; gfh; mfgh gfmh flgm hlkfgnmhklgfm hklfgmhm fklmfg",1
Yjdjgzjhsjsjkej,1
vgfuighljkbgj,1
fasfkasjjaskaksjdaslasldkasldkl,1
dfrgh,1
gtfv ft,1
ldflek lefklfek ledkfef,1
rewwre qrtewrgsergsergesr gesrserg erg esrg serg seg esrg ser gsergserg,1
hh,1
jhvguky,1
"lghikfuy ,kvuyfyhvkjugujgub",1
adfhg,1
"rtt jr yujry t7ujerfgtyjiu yityuk r wru ryutu l,io uiu",1
ggjhhjgjhjhgjgjhhjg,1
"a,cmsrioeg",1
jhkkjlhjk,1
fdfdfd,1
NZ K JS DO KID HK KS XL KHZ VN L KHZ,1
j,1
c,1
dddddddddddddddddddd,1
gfrds,1
idkkkdjndnd,1
df,1
nnnnnnnnnn,1
swadawdawdaw,1
vhjjj,1
hjhgjgh,1
dfgd,1
53w4e6r,1
b vvcgfc,1
Nfnf,1
ffffddddddddddddddddd,1
Guvug hi,1
sfdsfds ytrytryt,1
jhgiuyb mnvjyufv bnvjyufyuh,1
er s  sae,1
GHJXFGJXFGJ,1
kjhkh,1
dasfasdf sdf asdf,1
iuh io gyugvytu vt ycvty uctrf xdttcv ityigt ift cryyf uio ybu yub uyv yu vuoyvu. iupo yg uouy  vbyt tyvict tu yuog gty ugtyou yovt.,1
ahajjs snsjjs,1
fdffgddfdg,1
hkjhkjn,1
bjgjh jhjgjh jg jhhj jhg ha gfgfhg hgg,1
d vhvh hvh u u h uubj/jbjgjbhbuvh jbj bjbj jb,1
yjtsyjtyjts,1
sdfsdfsdfsdf,1
gjjjutjh,1
ragdghbhf,1
liokujpoikj;pkj,1
erth gfd,1
kjkgjkgjkjgkgkjgkjgjkhgjkgv,1
ishfjdfdf,1
jhfgjhv,1
aaaaaaaaaaaaaaaaaaaaaaaaaaaaaaaaaaaaaaaaaaaaaaaaaaaaaaaaaaaaaaaaaaaaaaaaa,1
jhgghgjgjg,1
G,1
gdhdhdsjduysskuksutu,1
edsdfgfdwsd,1
yuyhaqhthbyrh,1
mzkxjushedugv djdudbdjxjnxndskkxx,1
xsaf fdvvdv,1
twetet,1
ygu gugy yuyu gyg yg yggyuu gyyugg,1
fgh gf hf hf,1
kljl,1
Chggy ggy hhvugyggg huvhvgugv,1
eiuewiourwoqiur wqoierwqoeiwque wqjejfroweiqrowqi lkjsdafkl foiewuroiuqwr elkfjlewk oiewurioeurfio ewfrlkejflke,1
sbsodjebfnrbf s rndndjdnrfjd. dskekfn,1
hjkl,1
r rt h,1
tvvtvtyiyivt,1
ehhhhhhhh,1
AWSERTFYGUHJOKL,1
very good,1
gjgjhgjhgj,1
GeV ggb,1
awergt q35y,1
hghjhuhytgrffdvgfgth,1
gfhg,1
hgfhfghdhdh,1
kjgkjg jkgk kjg kjgk kjg kjg kjgk kjg,1
adsa,1
dfgfhfgjx,1
hfghfg,1
uhdjdj djdisid f dnjd,1
avn;kbe,1
fdgddgdsf,1
vjnfkfk,1
kjhugftdresdrfctyvguhbijnokihugytfcdrxsv,1
fhjgbkn,1
ytfc irxedt yriyt icr xdetutyikyti cry crtu cxyitvt cry icyrcvtyi ctytyougty utyivyiv.uh i ugi gyui vt ycyi c ytivt oygvu yuvtu vty ytvtvt yuyu uyo.,1
sd fdf dsf sadsd a,1
Xxx,1
g shbtrh wrjt jfdhg rgkreghrhg shtr,1
nnnnnnnnnnnnn,1
adsfa,1
rishfbdjdj,1
djgshqsgdf dhcdus ruehd dhhs dfudbe dhdf dfhd,1
wertyui,1
jjj,1
safsafasfasf,1
hgj fg hgf hfg,1
fdbfdbdf fbdffdb fbdfbfdb,1
jnjnu,1
.,1
bhhgfggyghhjhhh yyyyyyyggy,1
asdf,1
dfj,1
fgdfgdfgdfh,1
jdy7kmy5r,1
dkvjbkdljbvg,1
s,1
sdajktygdnv,1
Hmmvcvvvvf,1
uuobn,1
�mk,1
asdasd,1
hh ug uy u yuy uty yu yt t r ytytytytjygjyg,1
saf asdf sdaf asdf,1
ert ert,1
ghfth,1
cxvxcv,1
f,1
rjdgsgsfd,1
dwadwadwadwadwa,1
ghf,1
hdhsbddgdneh,1
bb,1
bdxnxdndg,1
jirf,1
poiuyhgv,1
"3r ty5q6j75y thu4,i7k6u j7556uy534r q4r2",1
dhgfjyfuyfyfuy,1
Jcj n hcn gch tch ycj h h,1
asdfasdfasdfa,1
Tgggbyhyjujujkkhhhyy,1
f efer ger ger gre ger ger ger g,1
gfxhfdgfxbfg,1
Dfhxihgub duh b,1
XDG,1
hujbuiub,1
321987654,1
Nym fbtn gfnf yjtyk,1
zwexr6ctvy,1
gasfadgafasga,1
dfdertertert,1
fdgdfgfdgfdg,1
hf,1
ugyjkhjn,1
nananan,1
etwetwertwert,1
nnnnnnnn,1
yes uyfyujgc,1
djdg,1
jwrhjkrh,1
fghbn,1
sdfgh,1
gh,1
h h vv k,1
;jhgfghj oiuyftrftgyh ikhjgf,1
adsdasdsa,1
jjuhiugyu y  yg yugu iukj,1
hdfd,1
Tgshcf,1
dgsfdg,1
wehriu eikfhds fihewiufhjkds fiuewhfuihewkjfdskf hwehfksdfhs fiu hieuwhfkjefh siuhfiuehkjhfkjdshjkfh ewiuuiewhjfds,1
fcycv,1
vfghhgvgh,1
"tfkgh/lh.kug,fjfgkhljjjk",1
asdktyghfnv    ds]ds][]\;;';,1
sasasa,1
gjhhjdh dtthjdrfhrf,1
shahbshaj,1
Ffdffghj,1
sfbsfgsf,1
fdgdfgdg gdfgdfgdfg dfgdg dfgdfg dfgdfgdfg fgdfgdfg,1
bdgebsgrnsyfbetd,1
rtufidsidfy sdfgdg sidgd sdgidf sigddfh ifhg fgif.,1
ghhg,1
yhujhygf,1
gukkgu,1
jguy yugygyy ytyut yuyu ytytuytuyt ytyut ytyut,1
y,1
ljljkljjlk,1
flokilaki,1
mmmmmmmmmmmmmmmmmmmmmmmmmm,1
;lml;,1
awdadw,1
A,1
fxgldfnklgfdnlkfgnkfngkmgfdklgh,1
kasnd�aknsdibansd,1
zx,1
gfdnbvnbvb,1
tyutfghtyut,1
yeyeyey,1
kkkkkkkkkkkkkkkkkkkkjhuojh,1
vgb,1
bbbbbbbbbbb,1
dooh juionm,1
gnjgnfjgfnjg,1
fe fe rger ger ger ger ger gre,1
kjhkjh,1
;lk,1
jhjuuhgy yg yufy ufyf ygj hkn,1
wefsefs sefse fsef sefs efse sefsefs,1
gfdhgfdh,1
BVCVNVMNBM,1
fdhgdfgdfgdfg,1
u 7kt yiejmr y7e,1
asdassadasdsad,1
hjhhhhhhhhhhhhh,1
jjkl;kl;kl;kl;kl;kl;kl;,1
nono,1
sjkldaflk,1
fgn cvngv bv,1
qweqweqw asdasda,1
fghfghgfh,1
qsawdesrghjkl,1
a,1
asfaasa vzvcsaaca,1
dfghjgjdsfgdh,1
thanks1,1
m,1
ghhhhhhhhhhhh,1
f hfytfhmf jhfgktyf d utkf ydyjt fyfkuy,1
dsfg fgf gfghdbcbnvg hgfncvbvbn chghjd t yjytjghnfghnvnvbnvnvn vnv nn cncv ncv ncvn cvn cvn ncb ncg ncvbn cbnc bncvb ncvb ncbn cvn cvg hgbcv cv cgh fg hfghncvbn  cvnbncvnhj.,1
zxdcfwdefrtg,1
gfrdjhg,1
"i,gvyivgyigi",1
ggggg. vvvv vgvg vh,1
nhgcghc,1
Gsyv,1
Yyytftu,1
hhhhhhhhjhhkh,1
fghnfhn fhnfgthj fhghj,1
ghjkldghjkl,1
hb r5ewh,1
yy,1
hgthtyutfj uyes,1
SDFGHNM,1
ifijglaijaoe j aouj oewj a pa fopjao aapo aaj  afj a jp j,1
sdfghjkl,1
juml,1
efsd34rdsawerfd,1
lkjljkljkljkljjlljjkl,1
gffdgfg,1
kjhkjh,1
dfsgdfgdfgsdfg,1
jj,1
gregrfgvrfgrfgrfgrfg,1
dxgf,1
vgbhgmjnhbvdhtgcs,1
bad. debbie e evev,1
hjkhkhjh hjkhkj hjkhkj hkjhkjhkj,1
kleajgtkhsfd,1
dfgb,1
vbxfmkh,1
ryedgyhj,1
lkhlhkl,1
gfhsfgdsgdsg,1
kkgykjhjk,1
gnnnzxyh,1
Jfjd,1
ygukmghj,1
Ndhfhd Hf Hf hdhshdydhdbdbbdbdbdbfbfbf,1
adsfsdasfd sdfsdfaasd sddssd,1
gffhgt,1
Hssj,1
zxe56cr7tvy,1
Gftyytgfftttttttttttygffyhfdttggddrtggggggghhgggggghffggggffgghggggggggggggggghgfgh,1
"wquruieawhfds,.zvc",1
edsf sdafg dfsb f w vsjvc vc jn cx v  vj ivc jv cj kcx v h,1
dfghbnfgvmfm,1
noninuvyt  rbgfefrer  rjfnrnf;,1
dsf bsdhg asdh sda,1
asdasdasd,1
ouiyjhtrgfed,1
wesdfghjk,1
gfhgfhgfh,1
retryhtrgffertyhgtrfrgtrhgfe,1
ghvhxg,1
Ytghuh,1
Hrtzytzhhzhx xrthxh,1
ererer,1
DkidiwidhdjdijsjsocidjdididjddgafhsfhsgjdgjdfhsjdtjdgdjtdgjdgjdgjxjgxjgxjgxgjxgjxgjxjhxjgcjhcjgcjcjgdjgxjgxjgxjgxgjxfuxgjxutsutshfzryatusfhzdgHfxvnhfzjgzhfRuzhfUtzhfJgxjgdjgxjgxkgztidkhxjgxih bcjgdiydiyayofkhsojf,1
tryyrtyrtyrt,1
kjhkjh,1
f,1
omiunytriuyt5mnubyvtgrf,1
Uh tu j nutrt db gryyi,1
H ug h ug,1
i uh jo,1
shshsg fghdfhjdfg gsdhdd,1
fgasdf,1
bvsdugsadbvoucv hiodvf�asdig<vsdv,1
it(cdjjcdh,1
fdgfdgfdfdfgfdgfdgfdgdfgfgddfgdfdfgg,1
dfdfdf dfdfdfd,1
dfgdfg fdgdfg fdgdfgdf,1
ggygyf,1
gsddgdgdgs,1
Cnvbbc,1
yesssss,1
"udasrb lorem ipsum dolor sit amet, consectetur adipisicing elit, sed do eiusmod tempor incididunt ut labore et dolore magna aliqua.",1
Jrrkfkrkfkfkedkdkdkdkdkd,1
vzxc zxczx czxzxczscszczsczsczxc zxc zxczxc zxczx czx cx,1
asd saf sd gfsddf as ds feg dfg df fsd,1
d ytr,1
fdghfhjgjhgj,1
jjm bvv,1
tntfnrnymymtym,1
ccvx,1
ghghghgh vg,1
Ndjd dnxjddj,1
gdhhdg,1
erwo,1
ererter,1
fwfqw,1
h,1
ujjbujn,1
kldfg lkdfm gkldfm lkgm dfklgm dlfkgm dfklgdfgdf kngdfklgm reklgn reklgmkerm gklerm gmklregm mrklegm erklm gklermge,1
nnnnnnnnn,1
rerfsfd,1
hsd,1
hgffhhgghghfhfg,1
dsgh fdyj tyjr ty,1
b hj h k k,1
ehhhhhhhhhhhh,1
se4tnert asertserserfdrgdrgfgfghgt.,1
yrrj,1
weyrdkyjh,1
gjjhgjhgjgjhgjhgjhghjgjhgjghjhjgh,1
asdfbzdfbfb,1
jujj,1
Cfhghhhhhh,1
lkmklmpokm,1
sdfhw,1
arekjhgiuyi,1
Shshdhshshsh,1
adsfadsf,1
vnjarnvrnr,1
sdjtstjsjttystjtsystysty,1
5s b5rs4ehb,1
Jvcgjkkggyh,1
KAJSDGIAREQQ,1
dlskajfldajfkdjalkjfda kdajflkdjafkljda  ldakfjdlkajgfl;k jglk;dajg   adgfkjagl,1
sdfdsfdsf,1
aslda�sodh�aoishdla,1
gfhdfghdf,1
weeeeeeeeeeeeeeeee,1
kilo de ayuda,1
asdasojdsakldlksadsadsada,1
guhfy,1
gmnk,1
ss,1
ckcsnksnnjdncjcnjxnjcnvdjcnvndjnvd,1
-,1
bbuiuij,1
IJKL,1
ghghghghgh,1
tfuyfhufouly,1
gsg,1
Chfgu,1
hgjg jjhmhmbvb m,1
hgfhgf yuthgfghfhg iuy jhgfjhg iu fgfhg ihgfhgfhgf uy hgfhg,1
ksdfjh sfjksdhfkjshdf sdfjkhsdfkj skdjfshd kfjshf kjsdfhksdfjh sfjksdhfkjshdf sdfjkhsdfkj skdjfshd kfjshf kjsdfhksdfjh sfjksdhfkjshdf sdfjkhsdfkj skdjfshd kfjshf kjsdfh,1
dgdhhssttsjjststjststystysty,1
dfasdfasdfasd,1
fhhfhfhgfhfhg,1
hjl kmtujykmtyfg,1
wewesadfsdfasfd,1
tyjjctytcr,1
ngfxbngf,1
fgfdgfdgf,1
zerxtcrytuyi,1
grbrrhr fgthnfhn,1
m,1
ggggggggg vvvh ggh,1
g ugug guguguugiu guihu i uhu hiuih uh,1
vvv jhghjg iuy kjjhk okjjkgkj ioujhghjgjh oiukhjkjjh oiukjhkhj,1
NACJKHROWHE,1
yfrkygtouhlihk,1
dtwetwetwet,1
sdfjyutgrefsefgthyjghfgerdgf,1
mmmmmmmmmmmmmmmmmmmmmmmmmmmmmmmmmmmmmmmmmmmmmmmmmmmmmmmmmmmmmmmmm,1
sdfg,1
fsfseeter,1
ioomimoimjoomij,1
l,1
dftdf,1
cdddd ggggg,1
/,1
ewredwsfgdasfas,1
trhfg,1
JJTYJJ,1
nihugy,1
hjbglighl,1
bjhhui  hvgytgguy  nkjjjjn,1
??????????????????????????????????gggcfdfydyxtxyyxdyfdyydydyd,1
nzjxudhs,1
f,1
hdhdhdhd dhdhdhjdhjdhjdhd dhdhyd,1
yufiftyivgyjvgyjvgyjvgyj,1
agagegegeg,1
fgj g fgj fgj,1
jgjghj,1
hfghdfvb,1
zb,1
sef�oksfe�ojkfse �oef�ojef�ojksfe�ojk effsesef,1
Vv,1
zdfref,1
qqqqqqqqqqq,1
afk;vnrleajnkjghjkfdalvnkjbliu,1
gvjhmbg,1
"eiuewifhsd fwehrweuoiewujfljdsj fhkjdsvcmncxv,mcnsdjfksdfljlskdjfewiwjil",1
Hffvjj,1
ghdskfj dhfgsjdk dsgfsd,1
inhdqwd bwubdq�pdw qwudbpq,1
kljhb,1
yjtsjysttyj,1
hjghghjg ouiy jhgjhgjhg iuhgjhgjhg iuyjhghjgjhg iujhgjhgj,1
trsgfdgghdfg,1
jkfdgbdlj,1
k,1
hytr,1
shdhbdbbcbfbdbdbdbbdhbdhdhjdjdnndjjdjdjdnjdndnfnfjjfjjfjfjjddj,1
dfgdfgdfgdfg,1
hjhbh jg jgg  ig gi uiu guigi,1
sdfsfsdf,1
dgjfgjh,1
dsvdsbvdbxc,1
jko,1
mmmmmmmmmmmmmmmmmmmmmmmmmmmmmmmmmmmmmmmmmmmmmmmmmmmmmmmmmmmmmmmmmmmmmmmm,1
fgdfgdgdfgdfg,1
huygyug  hgvhgggg  hhghh,1
d asd asd asd sa,1
jhuuygyilu,1
Kckcughcivj,1
Bbbnnbvvvvvvvg,1
wedrtfyuh,1
nnnnnnnnnn,1
asdfghj,1
fgfdghregreg,1
iuy jhjhg iuy hgfhgfhgf uyt jhgfjhhgf iuy jhgjhgjhg iujhgjhgjh,1
"vrkajhefjharj, avrha jehvlj",1
jinjifev re vre vreivreivreio vioer vre vre v eiv revrev reiv rei vrei vireo vore ov oij iov rejiv rejiv jreiv re vioer vjir jiv riv rev rojv rhv rev rev rei vrein viuwen viuwe cie ovreouvrthvthv jif vhg,1
tfkhgjhk,1
sdfsdadsfafsd sdfdsfdsf sdfaadsfdsf,1
Djdjdj cndjdjj,1
dhgtdhrseg,1
dgfgfhfgh,1
sd,1
hey d us eh eh,1
Dhdhd,1
rthy tghnmgjm,1
luoup,1
y  yuutytt  yuu uy  yyuuyyu yu,1
nnanaaa,1
fsdfwefwer errwer wer 23r re rw3r 3r 3rr2rwe rytdrfgdsf sfsdfwe fsdfwe,1
WASERDTFYGUHINB CFTCY FYFFVGHVGHV.,1
y65y,1
fghhghg,1
Snxbsjbs,1
ghgfh,1
nnnnnnnnnnnnn,1
aaa,1
zXZXz,1
mmmmmmmmmmmmmmmmmmm,1
j jh hj hj,1
dtg hjtu sr6u7utj t,1
khkhkjh,1
rtrt trtr,1
..............,1
fhdfhdfhjd,1
iiiiiiiiiiiiiiiiiiiiiiiiii,1
adaadsdas,1
zzzz,1
dbhxdhdh,1
y98y89,1
fwefrdasfasfsdfdsa,1
gyftr tfygu,1
pmokmmjiimoj,1
ilonhbgf,1
fefwff,1
hhihkj hiuhyiuhkh guyg ihkjh iuhuik ihuih iufytdy ojlk oiuoi,1
ghjbnm,1
Cddfghh,1
jhlkjhkhlk,1
v,1
ftuyjghk,1
jggjgyjgyjgjy,1
cxasrtdvfgsygdfgbhfdjghmnghfkh,1
oo,1
Hkglg,1
gxhhststystyjstsjt,1
kjlkjkljkljlkjjlkjklmklkl'jlm;',1
drh,1
xfnnfffn,1
dssdxfds,1
\sdfgbvnm,1
afafg,1
Djdkje ddkdkdjdld dbdj,1
k hkjlhlkjhjkkj,1
Ggvds,1
ujhybbhbh vghb hbh,1
hgb hbfghhfub vhgvu bhub  ubghuh bugb hughbgu u ugh,1
dasfdgfedfghf,1
dcasdsa dasdasdasd sdadsda,1
mmmmmmmmmmmmm,1
sdfsdf,1
hgjkjlj'lk k;,1
"thwt htr hjrertj tukeryerth tkmtd htnm tm jut,k",1
zdhfxcncnc,1
ewfwff,1
dwdwadwadwad,1
jkjhg,1
jfjlhfjk,1
erwerjuh wekjhrjeh qewjrhwerjhw ekwerhjkh wqer w,1
mnp;lopbjukbvk,1
fdgdgf,1
akvaej;o;a;jo,1
-----------------------------------------------------------------,1
yiehjsdk,1
asdkryhstayayyy,1
dfgbhrfh rfhfj fhnfhn,1
hdfgtfh,1
sdff,1
hshsrh srjrjsrjjs,1
gdvb,1
ksks,1
jncbcxc.es,1
yhhgh,1
qq,1
erw erg reg erg reg er gregrgre,1
asda erfwerew rtwererereretwe.,1
ageaggeeeg,1
Fnfjdjfjfkfjfgjffj,1
x,1
dasd as fddas das fda,1
yjthrtndb,1
159357,1
defrtg5hyu7jk9opk98hjuy7gt5frdesw,1
hkkhjm,1
trrt,1
Xd,1
Ggjfdj,1
ksusuysshzhzl,1
kjhgb,1
cnvngng,1
fdgfdgdfgdfgdfgdfg,1
Fhfdccvvvv,1
cv nspkansfpkvnaspkodfnvmapksdnmvpkasdnfpkvnadkpfvnadkopfnvpakdfmvpkasdfkpvadfkzdknmsfd,1
avkjhiv,1
Ghc,1
EMDD6Z3BE3,1
iohuibioio,1
456798132,1
ghffhfhhfhnfhffh,1
"njrgvh,k",1
yerrr,1
asdfdsasadfd dsfdsdsads dsfadsfdsf,1
i likeit verymuch,1
caxgdsgasdgs,1
IHUYTL9YG,1
eiwyriuewfhkjsdhf iuewyhiurhejfh dshfiuewhuk fhkdsfiewiuhejkdf wieuiuewkfh,1
wefwef,1
dtyjukytjuytjy,1
chgcfghgf,1
mjom,1
ewtweew,1
Hzhz zhzjz zbzhzz zhhzz zbhz zhzhzhz zbzbzbzbzbx,1
"xcmvxzkjds ,d;sfl k'f;j",1
erwrtetre,1
bkbklbl;,1
euwjskm,1
htrdh,1
askfashdfgjhk,1
hhgfhgfhgfghfghfghfghf,1
E,1
wqeqwewqeqw asdassad qwewqqew,1
dfgdgsgdgdg,1
sarwerujb kjwhejewhjjkre werwewerwer werwerewr werwerwer werwe,1
sahasd hasdh,1
fdgdfgdfgdfg,1
bjyu ghyy,1
aswedrftgyhuj,1
t yryu,1
Ndxfgjg,1
rtfgfgf,1
"rvnoreinjvoiernvr, rincviurnfoirn, ruvbuorweijewmpormonm jufebviuberuvoneroi fvubreiufbiurfnoiren, ifrnionrifjewfo, rjubviuernvoir",1
hjljkjn,1
Gbgbhhnhhhjj,1
s,1
dddddddd,1
tytryryrtyry,1
fadsfasdfasd,1
GTHYYTH,1
hvhjhjgjg ghgjgj hjggjh,1
retert,1
jdrjddkdnd knees,1
Ywe,1
fgdetretert,1
ghgfn vghftgb cvfhcbf vvthf cngfn,1
ohih'iohio,1
fgfgdgf,1
bkhgv nkojv bhub nihb,1
jgghjghj hjghjghjghj jhhjghj jhgjhghj jhghjghjgj jhgjhghj jhghjghj hjghjg jhgjhghjgj jhghjghj jhghj,1
rthwethys sdfgsdfhfsdgh,1
tcg hjtgh drjkrdrtyj rtyusrt,1
rtertert retretert ert ertertert,1
khuiehiueh fjksiuhfiuewhfkhd fiehfuih,1
oiuhoiugiuhy,1
ohilgukfyt,1
Cididof  Rididifififi  Fifififi,1
kmjhhg,1
jkhmtrg,1
asdf asdf asdf sa,1
Ciudg,1
rszresre,1
sutff,1
arwaewaewqeqwewq,1
Xbxbdbdbdb,1
wwww,1
fgdfg,1
jhvkjvk,1
u,1
Dhgcjj,1
p,1
hyutu,1
Gh uhh bufhyrgydgegegte,1
etrsyth,1
dhndjgbsd sgdf fgsdg gfdgfdhghdghf gdgfhdgfg g fg,1
.........,1
sfgsf,1
fdghfjk thyrjektulyri etryjtkuyliu�op�i,1
ihuuew qe rfer,1
cghdfgh dfgh ftyutru,1
ghfgh fgh fgh fghfgh fghfghf,1
nkkkklknnlkklnnk,1
zgdfjg hfugkgihi,1
Hejdjfjfjf,1
cvbnvbncbnvbn,1
retretert,1
tdrfyghu,1
"bghmjmgdfjgkhlkj.j,hgfd",1
htr,1
dwaawdaw,1
sdgsd,1
gesdfg,1
chgjh,1
gvjhg,1
cvfgbxfg,1
iukj,1
JYRJSSJRSYJSYJJRJRjyrjrjyrjyrjyjyrjyrryrsj,1
mmmmmmmmmmmmmmmm,1
dfcvfgvbhb,1
dthjhdf,1
"oirtiero fefkldjslkfjsd lkdfkldsjd.fm.ds,f lskesfdlkjfsdkfjflkdjslkf dlskjflk;sdf;s d;ldkfl;dksf;ls;lksd;lfk",1
jhbg mjnbhg mnhb gvhbgm nhg,1
askdlaibhsdliabhsldasd,1
hgfdsdfgh,1
mobkjhbbl;klb,1
kkhj,1
Vhyg,1
bhjnnhrsajnyh,1
xxx,1
fasd,1
fdhdgdfgdfg,1
very good,1
fgfgfgf,1
cvcfvxcvbxcb xcvgxcvxcvx,1
*yb.  gykuhjhvasjhvcyzvjchvzjhvjhzbcjusb,1
jhjhjkhkj,1
GJGHHJGJKGJG,1
itch j j i. i ivuguf,1
afasfa fasdfsdf,1
guy to hg g gh b,1
drhdf,1
jkhjmhygutytrtrt,1
56y w,1
ghdffgsfgsd,1
CFYIUIIGVYUIKIIL FYIUJOKIBUY FUIU JM.,1
ZXZX,1
rextdctry,1
nnnn,1
hjghjghj hjghjghj jhgjhghj jhghjgh jhgjhgh jhghjghj jhgjhghj jhgjghj jhghjg jkhkjj jhghjgjh jhgjhg jhgjhghj jh,1
adsfadsfsad,1
Yhuu,1
tggggggggg,1
vey b yguhuiyvuytfrtexc  vuhvbhtcvhjb,1
hterwg h4ykj4erg a4thgQ RFGAET,1
dfcvfgvbgh,1
cvbvcb,1
ljljljlkjl,1
Hlgbhjul;juh,1
jdjdj hrhjrjrjr nrjffnjr,1
hhlk iouy iuy ioy ioy io,1
khkhlkh,1
bhhbb,1
jkljjljljjlkjkl,1
�oooo,1
Ununununun,1
adwawd,1
adawd,1
Hihihihi,1
Gycyyfyg vgyccyc gctctc ycygyv cyuguv ycycyvycy uc,1
Jdifjdicjdjcjdjdhhjh huvyjgjhbhj hjguhguguhg,1
Givghhyfg huhf Hugh,1
Jrjdbxnejdhrnrdb,1
Jdbhdjdsjdnd,1
"C,c. XX",1
nanananna,1
Dndjdjdj,1
dfsef  r gr rb   er eg e gerger err r ergergerg ergr g er ber,1
Djdj djdjdj irir ooej,1
trgvfdew,1
6g5tf4r3de,1
uiyujtyhrgr,1
 ,1
Hhhhu,1
Csihvrxgi dkz dlh zekh _;! Xkhr zkh exkh s,1
Ujchjo,1
